User_id,Password,Role
danielle.johnson@myscu.edu,"3hez(""@nShzA",admin
joshua.walker@myscu.edu,hx4Ez8/f.$Kt,admin
jill.rhodes@myscu.edu,`Kno<9.'D|OE,admin
patricia.miller@myscu.edu,:1>7%jaGmaoF,admin
robert.johnson@myscu.edu,2NNye_30v'uO,admin
jeffery.wagner@myscu.edu,~35#<+aiIey_,professor
anthony.gonzalez@myscu.edu,?I4Q\Wdc5d7[,professor
debra.gardner@myscu.edu,Qz~Anjp1-SkO,professor
jeffrey.lawrence@myscu.edu,~C|=g&#De3pT,professor
lisa.smith@myscu.edu,V`?dAv\>H30t,professor
linda.wolfe@myscu.edu,"*D,CfJg^?;Hk",professor
matthew.moore@myscu.edu,?`nYl**rXEd?,professor
susan.rogers@myscu.edu,SyD'xI~4UBqa,professor
christopher.davis@myscu.edu,K8azl2a\=lb!,professor
melanie.munoz@myscu.edu,"zr^6X,.woTSW",professor
lindsay.blair@myscu.edu,"'""}oQK=cwVSF",student
amanda.dudley@myscu.edu,c]U=Ej~;|^<u,student
nicholas.arnold@myscu.edu,"YzQkO}d,VS`~",student
maria.montgomery@myscu.edu,5&tG|7D)k7A=,student
michelle.ray@myscu.edu,"t{mw8""bq@c81",student
janet.williams@myscu.edu,"S7C^y&bQ""HI)",student
jeremy.roberts@myscu.edu,lW~~lzd^??Nt,student
christopher.hall@myscu.edu,;%0}4f/H!_rp,student
craig.ramirez@myscu.edu,p5e9&y2dY\<n,student
cynthia.diaz@myscu.edu,SFf+2d(ETfm@,student
mitchell.clark@myscu.edu,[E;7sqH[-=[y,student
joseph.zuniga@myscu.edu,678,student
deborah.lynch@myscu.edu,678901,student
george.daniel@myscu.edu,z/WH-ahxJ>{F,student
frank.gray@myscu.edu,3Q}D_p|v{dpT,student
veronica.bowman@myscu.edu,'I9BP7c%f^D&,student
angela.cohen@myscu.edu,"(""Nl!KI<&HIR",student
megan.parsons@myscu.edu,"QGqS_""[0HEfF",student
jeremy.johnson@myscu.edu,T74WUzX[-umB,student
leslie.adams@myscu.edu,"2K/)""axhcX<l",student
jason.hahn@myscu.edu,R2x$Zb4f)+pS,student
nancy.edwards@myscu.edu,v{Bjc<V.!}8`,student
diana.foster@myscu.edu,@0&A;E[(Xdc2,student
robin.ellis@myscu.edu,*C1emFeJDsa$,student
joseph.wright@myscu.edu,%lRESyS\7$=*,student
anna.baker@myscu.edu,OfM)=`S)E9zz,student
brenda.hurst@myscu.edu,"ThK""RuWq1hQ6",student
reginald.robinson@myscu.edu,h3rWjOyJ*O);,student
whitney.hicks@myscu.edu,"cmgD~L4,4)`x",student
christopher.williams@myscu.edu,gtq!6z$+u0)p,student
daniel.burton@myscu.edu,":{phI""{Q&m#1",student
laura.henderson@myscu.edu,"o+<9q},LTNAL",student
bryan.james@myscu.edu,<:o{2:%T'{e.,student
wendy.rice@myscu.edu,DYT'e=;n?bW0,student
tasha.valencia@myscu.edu,Oh<wy-K?$ef`,student
alexander.le@myscu.edu,n&Y*#3Z-nz$H,student
erin.herrera@myscu.edu,7XCS)K%ecqxq,student
joseph.davidson@myscu.edu,D*wzY'|CFoxa,student
daniel.graham@myscu.edu,vgDe|5$q>Z?6,student
shawn.mckay@myscu.edu,XUwj_X:Ql2kt,student
nancy.baker@myscu.edu,5H~q*9-aCVU=,student
vincent.white@myscu.edu,~H10(`yy!tvm,student
rita.harrell@myscu.edu,fV8Ga%%V#]-1,student
kenneth.fowler@myscu.edu,!^SE3\:luH)6,student
chelsea.hernandez@myscu.edu,Gq#$_AZmiTJc,student
kathryn.ryan@myscu.edu,"n{;7`~""ei*X4",student
kimberly.moreno@myscu.edu,]w82ZnLK!=K$,student
aaron.nguyen@myscu.edu,G_/EVIJ|QB}4,student
andrew.hickman@myscu.edu,ERwN*1*yE^U$,student
natasha.decker@myscu.edu,q|0btEEn~\Wq,student
kyle.brown@myscu.edu,;Z&Ae;}bEP]A,student
natalie.arroyo@myscu.edu,?>e-S^A:FH8~,student
christopher.tucker@myscu.edu,ZsDLEEVJw$6a,student
chad.hodges@myscu.edu,+j)%/P!:}ZiA,student
katie.anderson@myscu.edu,8>?UCV&R4tX|,student
thomas.pierce@myscu.edu,K$4===OI&*?i,student
joseph.brennan@myscu.edu,l2]~)To2?U$[,student
rodney.lewis@myscu.edu,j-GOsC6-um>1,student
amber.blair@myscu.edu,"b\sWcdf.[""tU",student
james.collins@myscu.edu,L83Sc<xPYb67,student
wanda.santos@myscu.edu,~G|4e6#(j0Z[,student
samuel.holmes@myscu.edu,"F.0M21""&4;2[",student
david.walker@myscu.edu,3IU7'nG)vrD|,student
matthew.chapman@myscu.edu,C\;d:Y.)Kp{s,student
jerry.robinson@myscu.edu,"{='}{.N-gDV""",student
chad.welch@myscu.edu,"""7:_pah@5]zk",student
jeremy.whitehead@myscu.edu,:\HRs_HZo@rV,student
michele.jones@myscu.edu,"""(_S(tRoYR`i",student
john.caldwell@myscu.edu,NU`=o#E|MQwq,student
jason.anderson@myscu.edu,"<V!39h,bq6l*",student
selena.duncan@myscu.edu,yz>Js[f=srcv,student
thomas.mueller@myscu.edu,!hg-bJvj(C)X,student
lindsey.lee@myscu.edu,",BpA_j,>CW{k",student
collin.jordan@myscu.edu,YQ#Z\lm0le2E,student
rodney.owens@myscu.edu,J~CV9o$=4+&z,student
jessica.nunez@myscu.edu,VaKVSnT!Ot]l,student
tracey.garcia@myscu.edu,;no(/585JqM!,student
richard.morgan@myscu.edu,)>&|9M7y4ap<,student
michelle.wright@myscu.edu,N*6.<|/03h^:,student
james.west@myscu.edu,ev%IKf>6Qs2h,student
robert.ramirez@myscu.edu,")zSLN&,6mjt1",student
john.leblanc@myscu.edu,"""e!YUe)pTF""Y",student
scott.callahan@myscu.edu,!jQ9fHyrdJf),student
andrea.williams@myscu.edu,vO%A;.l>ig]>,student
yvette.huff@myscu.edu,76%SpgJ.1;]n,student
tanya.house@myscu.edu,<b8CQIKKuApA,student
melinda.martin@myscu.edu,\L'//bsx9*4v,student
todd.lewis@myscu.edu,+Z)*V]621>1t,student
richard.brown@myscu.edu,lUHekAIVk;m>,student
nicholas.galloway@myscu.edu,=0AW5-[V/4JX,student
joseph.bowers@myscu.edu,tko[L&AvcUUC,student
spencer.henderson@myscu.edu,"tOFRK9-3ln""F",student
susan.cowan@myscu.edu,'4\?K7sL{$P8,student
angela.higgins@myscu.edu,_IO-/!:(#C3S,student
eric.phillips@myscu.edu,NNvz`Yarm<o+,student
tanya.riley@myscu.edu,;@iK+rOu;+/u,student
amy.adkins@myscu.edu,"UR""bUF)VDI/X",student
brian.silva@myscu.edu,;N`}WFOC{/.s,student
wesley.farrell@myscu.edu,c3?5o<=F*e\s,student
eric.yu@myscu.edu,U_zVLhkAb~Oh,student
christopher.lopez@myscu.edu,^;4-rF:$s%Vf,student
brooke.leonard@myscu.edu,md;E'CpGHjS-,student
joe.wilson@myscu.edu,Vp\9gBbsT0bS,student
pamela.sanchez@myscu.edu,!n|lCA}5PX2},student
brooke.harvey@myscu.edu,cg-L'2+(KjE/,student
robert.silva@myscu.edu,"v,W$2/k+WGjx",student
alexandra.donovan@myscu.edu,"i^B}Ec)wM,>K",student
james.moran@myscu.edu,qN@([P|ZZ]B.,student
john.foster@myscu.edu,'m9:EJm!H9T#,student
emily.evans@myscu.edu,Mi>M~e}`m2N.,student
leslie.walton@myscu.edu,"""`s0,il,NO69",student
charles.ellis@myscu.edu,"""`N*6CQ4cp(Z",student
yolanda.ferrell@myscu.edu,P5ddU~F]Zq=V,student
charles.lewis@myscu.edu,[Un#<JLlD@=%,student
joseph.mahoney@myscu.edu,^2-Aqxs-h5N.,student
nicole.suarez@myscu.edu,E0nI~&C+:l|3,student
mike.moore@myscu.edu,"V""L?,3w{T\kq",student
martha.warner@myscu.edu,tuJ%L_[<c2Eq,student
cheryl.archer@myscu.edu,HDAu_t4&9<5:,student
destiny.smith@myscu.edu,hj374+S3Z1G`,student
lisa.evans@myscu.edu,Y.#GlkUYy0I&,student
elizabeth.mcmillan@myscu.edu,(=|rN5IWecoG,student
dennis.wilson@myscu.edu,P0c>uJ7I*ZBZ,student
daniel.tran@myscu.edu,Ih_A{zMjZ?4X,student
joseph.jacobs@myscu.edu,D<T?'*NQ6x5l,student
jennifer.harris@myscu.edu,"A*F}""q|Q-K_)",student
cynthia.baker@myscu.edu,xAAjrKXV9BJ0,student
tracy.whitehead@myscu.edu,"u~(HK:D%H/N""",student
meghan.davis@myscu.edu,"}7-'#hX{,+7&",student
rodney.hill@myscu.edu,"7v21<s""h`pgI",student
adam.wise@myscu.edu,t#R+]?(kryJ!,student
dana.green@myscu.edu,CIv\LM+&3$0x,student
joyce.arnold@myscu.edu,c5a|GGy%IL^-,student
ronald.smith@myscu.edu,"eq""O}/`.GG&L",student
charles.ware@myscu.edu,UdYxD^$r08b!,student
rebecca.gardner@myscu.edu,C2jR&o+fE^R^,student
mary.aguilar@myscu.edu,?Xx{J3\n6D&_,student
earl.anderson@myscu.edu,\v?v]~QZ_{^?,student
kyle.nolan@myscu.edu,f6p}F}EZ_<Wx,student
laura.valencia@myscu.edu,puWdw(-6*v=[,student
rachel.clark@myscu.edu,:Bn!wsJcdb)`,student
john.garcia@myscu.edu,H&g4$kqHRA[%,student
kimberly.henson@myscu.edu,Iq]G0zrt)9SE,student
richard.oliver@myscu.edu,XD!zc)?mU%m6,student
eric.spears@myscu.edu,kEA6tJBpy7nA,student
michelle.cherry@myscu.edu,/VBVkW.&Q/)7,student
lisa.keith@myscu.edu,jLk~^l^hR+*|,student
angel.doyle@myscu.edu,3S~O>\O#!D4L,student
martin.galvan@myscu.edu,"vDC'zfhH""ED:",student
leah.shields@myscu.edu,cLe_'p/S+@gy,student
lisa.adams@myscu.edu,oi9%j(Qbz>kA,student
kristin.rodriguez@myscu.edu,"G/'I9""JHs!zH",student
monica.garrison@myscu.edu,"k`?\1TZ|_"",I",student
jeffrey.velasquez@myscu.edu,StO)X<H%.\5{,student
steven.torres@myscu.edu,"5rby3]<n'we""",student
laura.perez@myscu.edu,9?w*'5Y>K`g_,student
andrew.lee@myscu.edu,{q~Yb9y]E+OD,student
mark.lin@myscu.edu,MdBZo}X;\NR5,student
tammy.ramirez@myscu.edu,zsd^7StKO;Z4,student
darlene.ross@myscu.edu,#d:{3Zu-u&Y],student
tina.herrera@myscu.edu,D3ki<_!*R<a%,student
sheila.wilson@myscu.edu,fAO1!0YYfEgC,student
tara.white@myscu.edu,"e|g/"".\posxC",student
sydney.baker@myscu.edu,/eQOR6~a#<4=,student
daniel.hamilton@myscu.edu,"*nOEkfvZT,6=",student
jessica.edwards@myscu.edu,nCiy>@Xjl^[5,student
catherine.dixon@myscu.edu,i^I{8)%Qmub;,student
paul.ray@myscu.edu,P[K*s}'A|kU;,student
jonathan.fletcher@myscu.edu,L+`Q+he~ZM_T,student
aaron.frost@myscu.edu,"""!n1.&mt%2(I",student
amanda.ball@myscu.edu,pfHMerwV5RhM,student
judy.lambert@myscu.edu,n9JPGPm[\|6u,student
michael.jones@myscu.edu,OsHZkTSYmcc1,student
elizabeth.rivera@myscu.edu,8xpH`K1.JK/=,student
lee.charles@myscu.edu,|rJ`xI{|G$Z7,student
jennifer.evans@myscu.edu,bO/Pp68E#E`W,student
kyle.ortiz@myscu.edu,%UG$/-RZ2b4&,student
richard.phillips@myscu.edu,-l~YQA]$E-M[,student
david.fisher@myscu.edu,"D2m+4M3j}""Q)",student
shelby.byrd@myscu.edu,{TfdBB77UP+8,student
raven.gilbert@myscu.edu,ALhoS{p_sIVy,student
kevin.kelley@myscu.edu,"YXU$IH/p<3""u",student
aaron.mitchell@myscu.edu,}bvu5{aRw3Th,student
russell.carpenter@myscu.edu,0x8P%y)/ko>w,student
diana.marshall@myscu.edu,JWd>C3908L<1,student
scott.lewis@myscu.edu,/%G0mrqHw$BS,student
thomas.santana@myscu.edu,rPw2$3~5ZsIV,student
laura.jackson@myscu.edu,kMfr/{AZ#S;Y,student
christopher.robertson@myscu.edu,mh*GeDuV(*Ep,student
cynthia.rogers@myscu.edu,p+:N:i&E~o;),student
loretta.potter@myscu.edu,G~VL/U~+b/8L,student
emily.walker@myscu.edu,%2usyykLFDJ%,student
james.johnson@myscu.edu,"Ge=}""n{,]~>q",student
john.alvarez@myscu.edu,">c%:*""Z7eRV2",student
melissa.jones@myscu.edu,?nBF_N`Jf+'',student
robert.soto@myscu.edu,W!MkDzTye:K7,student
james.horton@myscu.edu,"6YL#jo,Wq=Uf",student
troy.sanchez@myscu.edu,{y#r4t^e4cN[,student
diana.smith@myscu.edu,"uQH$b4%fXra""",student
karen.carrillo@myscu.edu,f$/}SrlP'oI?,student
daniel.coleman@myscu.edu,r+)r~sCf4U&2,student
gregory.rubio@myscu.edu,tR#=no)8P{Is,student
april.williams@myscu.edu,"Fm590,#<4HBA",student
john.charles@myscu.edu,)Gk[`ZpZ8C|},student
stephen.solis@myscu.edu,^r=6N#*`+gld,student
elizabeth.travis@myscu.edu,ik-A2AS$mD0F,student
caitlin.dodson@myscu.edu,IBy.DP2;#l$',student
patricia.salazar@myscu.edu,<knTV0I((q%$,student
jennifer.wagner@myscu.edu,"u`C,&uq,e@+h",student
maria.kelley@myscu.edu,.el%7mVMZ6Nc,student
phyllis.manning@myscu.edu,o6&aAj>bXPt^,student
thomas.green@myscu.edu,=E\(SJS&emOA,student
john.walsh@myscu.edu,[v.}`lWF<JEf,student
katie.boyd@myscu.edu,x5H1W8Z+x[*c,student
courtney.hill@myscu.edu,fRaL;?`f4<'o,student
chris.mitchell@myscu.edu,CbZk~%n][B$O,student
joseph.flores@myscu.edu,|mnr:m6T{bdI,student
amber.taylor@myscu.edu,".$(Iemy,7tuW",student
jesse.benson@myscu.edu,RD{yHdqt#:$i,student
jasmine.brown@myscu.edu,";JncMB""d~hRV",student
rick.daniels@myscu.edu,)cW.sg;}r:N2,student
robert.clark@myscu.edu,37d/hl[Ur\:K,student
robert.stein@myscu.edu,jWu6:Qh#vzwF,student
brandy.dominguez@myscu.edu,@i1cGREkFrx@,student
melissa.cannon@myscu.edu,"C2.-~,MEY\AP",student
omar.smith@myscu.edu,"vIz[,k~C+~|o",student
michael.molina@myscu.edu,4e/]k~z<-M;<,student
melissa.ashley@myscu.edu,v8.$\h$`55w},student
robert.adkins@myscu.edu,?ZIZnazCf]xr,student
amy.morrison@myscu.edu,&]<Jh8]+<={O,student
jeffrey.robinson@myscu.edu,_QoHrt`-{4v|,student
ryan.johnson@myscu.edu,"$^,z8vH#q'``",student
matthew.shelton@myscu.edu,P~{i9]{z6_s),student
richard.martin@myscu.edu,b}u@n%3@Udcl,student
tanner.anderson@myscu.edu,dpfP'|@ZOEoY,student
cindy.johnson@myscu.edu,>4#ul<GI`luO,student
phillip.elliott@myscu.edu,'E[n80Yh_u@t,student
anthony.day@myscu.edu,oyw$&'dFbj6;,student
derek.murray@myscu.edu,tMTG!9xhvGm<,student
brent.gray@myscu.edu,HQY!nEw@NUdW,student
jason.murphy@myscu.edu,aek)!nLD|85<,student
kathleen.gray@myscu.edu,/SD>X?Xm[&A[,student
karen.decker@myscu.edu,".""1q*v}|.qS}",student
johnny.miller@myscu.edu,T~1;d\\lPQJe,student
andrew.ryan@myscu.edu,"W?,1CSRs8*_]",student
zoe.bell@myscu.edu,5oFDLRPY0ies,student
debra.harrington@myscu.edu,0$i@Kb)][g/H,student
denise.webster@myscu.edu,FZ$o>r|U:eS3,student
stefanie.gonzalez@myscu.edu,wy:(*>:BtIAr,student
andrew.hernandez@myscu.edu,=?hx;;cV]%e:,student
david.caldwell@myscu.edu,A2qhO8v>8Lu[,student
anne.robinson@myscu.edu,")#FPu6{=3""eR",student
holly.wang@myscu.edu,"g,+f\39fc.H{",student
gary.lawson@myscu.edu,"3SOLcW"":QoB!",student
julie.wilson@myscu.edu,<O30Hpl}3=d%,student
lori.oconnell@myscu.edu,"@Ht*[..9!""&4",student
daniel.johnson@myscu.edu,"~dSPi%6w'zD,",student
larry.byrd@myscu.edu,"\""A<<?word.*",student
susan.sanders@myscu.edu,"w""KnM(H-KdG=",student
jennifer.jones@myscu.edu,X>7_l@A>OHk=,student
hannah.burton@myscu.edu,"rxR6\WI&,Y2v",student
curtis.barton@myscu.edu,2fe*u*Z*n02Q,student
melissa.burke@myscu.edu,"{PixOgJ;w""1c",student
david.riggs@myscu.edu,$LrP8u:HG'9K,student
kimberly.reed@myscu.edu,@~L[Mw`]Qa'r,student
ross.wood@myscu.edu,(8uN4i?dDj~!,student
william.peterson@myscu.edu,4g#SOEXt$2H!,student
melissa.short@myscu.edu,!e9r;o&qpoxx,student
daniel.yu@myscu.edu,"dCx%GiZy^Kf""",student
cynthia.poole@myscu.edu,\;!tnB'oda}G,student
jasmine.graham@myscu.edu,WoviG.I(n*j=,student
jessica.sheppard@myscu.edu,!vMU1?n/wQ{e,student
joseph.morton@myscu.edu,P<.3-p$k_tS8,student
amanda.webb@myscu.edu,".""wOMh#;|r]p",student
ryan.simon@myscu.edu,"RjdI%""+76|!K",student
joseph.christian@myscu.edu,"C$n!cL""P;5}k",student
mariah.miller@myscu.edu,3t<=>mZb|jz3,student
nicole.sanchez@myscu.edu,QbW.V=VqZ4oR,student
steven.bishop@myscu.edu,"5fn91HAy""`Nk",student
nicholas.johnson@myscu.edu,zV51X4&p*zL;,student
melissa.white@myscu.edu,{GC$jus&&p0w,student
jason.salinas@myscu.edu,"^PV,&pR^;8+V",student
matthew.beard@myscu.edu,4`rZCj^;YA]v,student
jacqueline.hill@myscu.edu,7'rP9?AP}]*e,student
alejandro.vaughan@myscu.edu,{|VrR$)H$=%^,student
christopher.cortez@myscu.edu,"2x1GL""}4{A$J",student
tracy.chang@myscu.edu,pMY6!S)<F<.C,student
hannah.brewer@myscu.edu,"hs""x)uFc;#G)",student
travis.mcguire@myscu.edu,"i/o>(>(5b,.G",student
christopher.walker@myscu.edu,"!^P`|IEgc1,>",student
heather.torres@myscu.edu,;\%3)E9+{Gv#,student
bonnie.kennedy@myscu.edu,wvBOT5r7cK%t,student
alyssa.coleman@myscu.edu,"tJj^0!Z6M,Iz",student
julie.rivera@myscu.edu,wlASDnzzKMz),student
jacqueline.nelson@myscu.edu,C~:}f!U\01{#,student
john.martinez@myscu.edu,J]_PDF\:O.Uj,student
james.wilson@myscu.edu,"[xB`u`Dfl""+>",student
amanda.gill@myscu.edu,SoD%|+3_)tWK,student
jacob.robinson@myscu.edu,"nk-57adP2Tg""",student
todd.hardy@myscu.edu,"D31*8$l^o,Hn",student
tiffany.warren@myscu.edu,*UQ!XDrP-E{s,student
justin.garcia@myscu.edu,"""\-'O`55qf9D",student
james.perez@myscu.edu,`H)[LR3Buz;x,student
harry.smith@myscu.edu,w.==^~WEGlo',student
amanda.hill@myscu.edu,YKr4o1[IV0H7,student
terri.tran@myscu.edu,6NITfcz(T;r',student
heidi.martinez@myscu.edu,?WMHEv0<=sDd,student
miranda.henry@myscu.edu,@mmgAh7R8\EE,student
monique.andrews@myscu.edu,~X+Nz+'GWAQA,student
taylor.alexander@myscu.edu,!<.0uBUv`4{(,student
jack.williams@myscu.edu,YMzYkNjy\MXV,student
shelley.woods@myscu.edu,j}J%C:;dEv4N,student
lynn.morales@myscu.edu,4;BO\BM>YY9A,student
charles.soto@myscu.edu,sum3ywN&qa/&,student
brian.hernandez@myscu.edu,YYyu;hj6u2i6,student
anna.torres@myscu.edu,kdv{95g&!FnV,student
victoria.wilson@myscu.edu,~>v;9-:w!d'L,student
kathy.obrien@myscu.edu,V8aPpy=AStoX,student
krystal.perez@myscu.edu,"0i,AqYr9:[+4",student
alexandra.hayes@myscu.edu,CNjCa.-O8(*$,student
scott.dalton@myscu.edu,orXa=F?Rw%-7,student
veronica.torres@myscu.edu,qf4#INt4c=SN,student
christine.lynch@myscu.edu,"e"")R,YN5cHL%",student
jody.meza@myscu.edu,(=4)U$uzQKE$,student
jared.clark@myscu.edu,%u{fns^Tlzmi,student
donna.moore@myscu.edu,P}0B%9_:3Ux4,student
glenn.jones@myscu.edu,.Fi9Bauibft~,student
aaron.hayes@myscu.edu,",MQ8B(lnF:]L",student
brittney.carter@myscu.edu,{e9x^7dRplG`,student
jesse.mann@myscu.edu,.`?/7${5+*{W,student
jacqueline.gibson@myscu.edu,"W8hpl2~""aI`B",student
grace.bradshaw@myscu.edu,"f;cn"":m^XM[e",student
kristin.weber@myscu.edu,`#\Zx(?yyc1t,student
donna.peck@myscu.edu,"p]""!0*DiY1Z}",student
ronald.stephens@myscu.edu,[>Z}]Fz7k.XD,student
deborah.kerr@myscu.edu,AQ#v|$W#gy7J,student
margaret.jones@myscu.edu,0dEbX0NZy$N=,student
gabriel.parker@myscu.edu,Fvr7aoebTOs{,student
kaitlyn.carroll@myscu.edu,"t.vZ~<B&,H56",student
keith.martinez@myscu.edu,Q#k/X2VKM5^d,student
haley.lyons@myscu.edu,"gq>{x74v,M""Y",student
sherri.mason@myscu.edu,(@OF2su.K26<,student
troy.miller@myscu.edu,luaIGe3eU>N8,student
bill.reynolds@myscu.edu,{Rwh'!_$muok,student
marcus.wright@myscu.edu,?EhQ*mdt4@Ic,student
christopher.hayden@myscu.edu,F1r;h!=JX|De,student
mary.johnston@myscu.edu,U|$v9226C3IL,student
stephanie.key@myscu.edu,D.UNdHf/<LXf,student
emily.adams@myscu.edu,]`XfTGafOR5Q,student
billy.avila@myscu.edu,u(POdSb*\.#F,student
thomas.pearson@myscu.edu,(/R=wG21e1wg,student
sabrina.white@myscu.edu,jDwoe&'atZLI,student
brenda.walters@myscu.edu,.~W-K<`k+lXx,student
travis.davis@myscu.edu,</:q+c+U(iW+,student
michael.cook@myscu.edu,B}X#IJ2i_Bc3,student
elizabeth.hodge@myscu.edu,x@>zp2Jueq-f,student
mark.steele@myscu.edu,"i,X9Nntn1^~1",student
keith.landry@myscu.edu,k3$-qa}-*.Ux,student
lisa.pierce@myscu.edu,#Mr[YUG$wwL',student
shawn.edwards@myscu.edu,e;\5ltGdNf2O,student
marcus.cordova@myscu.edu,wg=+b&4DPCZE,student
richard.robertson@myscu.edu,0J3pCl;r?xYo,student
vanessa.sandoval@myscu.edu,6;4C$dN9l^yZ,student
amy.gutierrez@myscu.edu,@m.k5_SN%:di,student
jacob.cox@myscu.edu,lH_{o'CwCc1v,student
katherine.garrett@myscu.edu,)So3MW!?uvQK,student
kathleen.harris@myscu.edu,t~UMI~JN*T'0,student
andrea.pennington@myscu.edu,5z*^c{VQ'}9B,student
samuel.wolfe@myscu.edu,~HHz=h:#e55^,student
david.dudley@myscu.edu,tiMsN7a/nQ](,student
chelsea.allen@myscu.edu,'-v:#7\8H'7m,student
eric.pierce@myscu.edu,"k+L/S>>a49g,",student
andrea.davis@myscu.edu,OHiDtAzj'PU8,student
victoria.durham@myscu.edu,AzGQrm6jQmA+,student
steven.wilson@myscu.edu,"rr5Y4x0(cl,J",student
marilyn.jimenez@myscu.edu,"]n""SLJ8hH}0~",student
jennifer.hicks@myscu.edu,Usj/xO*=pk`^,student
joshua.davenport@myscu.edu,>:g$pVhyDyCd,student
tina.sanchez@myscu.edu,Y's$g7!jvF-1,student
andrea.reyes@myscu.edu,j4fPe=!>g>4a,student
sandra.romero@myscu.edu,O|oI>CwAW^hc,student
natasha.shields@myscu.edu,CKPtLM1b|A/1,student
joshua.tyler@myscu.edu,?@/h5Ft[4nO{,student
robert.villa@myscu.edu,01abt|\JDysD,student
william.hoover@myscu.edu,.>I%Cr~|s^]I,student
justin.evans@myscu.edu,5`qI?'*?RRU^,student
brenda.duarte@myscu.edu,"[^e,pw*0e6aa",student
tracy.hernandez@myscu.edu,#M#XA9%O=Zrx,student
amanda.reed@myscu.edu,i*geR(}*l^}>,student
andrea.daniels@myscu.edu,ZJWcRi(OI0(8,student
stanley.morris@myscu.edu,"C?,BV:i~BQ(5",student
jacob.terry@myscu.edu,B2jGQH:WS0kB,student
ashley.hall@myscu.edu,"s;V&p,_$rRVv",student
kimberly.williams@myscu.edu,8%xVc$\-&qpV,student
julie.thornton@myscu.edu,NCP-B`OO+\64,student
lisa.hughes@myscu.edu,t>v%SI+U1qry,student
elizabeth.hoover@myscu.edu,1cW=Ef?b8XRm,student
tina.simpson@myscu.edu,9cE15:js4i=!,student
benjamin.shaw@myscu.edu,";H]jSv""0$8-v",student
brittany.kane@myscu.edu,V7^nHNOlTEGr,student
morgan.alexander@myscu.edu,$eCC$0p'2}Y#,student
alicia.bryant@myscu.edu,^}F0IC~Mr5B2,student
jennifer.ortiz@myscu.edu,Zv0%}fh1q<.~,student
diana.moore@myscu.edu,RK52gxF-HAJf,student
terrance.costa@myscu.edu,"#L'0hvKK""]-3",student
matthew.schwartz@myscu.edu,"Y1@DK,R(;H'I",student
debra.christian@myscu.edu,Dy#.@M|Fh}1<,student
melissa.villarreal@myscu.edu,6P8>)%IhRZbV,student
norman.stewart@myscu.edu,"`zHp,,\UhYAw",student
jennifer.malone@myscu.edu,"]'C+s>:_""r'W",student
monique.johnson@myscu.edu,&Cf^#8nWjB4I,student
casey.welch@myscu.edu,7I@JxFJUqteg,student
samantha.bright@myscu.edu,1ByLIs%Fcl0K,student
julie.hamilton@myscu.edu,"UrX""okTv98;$",student
corey.schultz@myscu.edu,"0I/&""D|*Wr/]",student
monique.wallace@myscu.edu,XV#%Waa=0\P$,student
heather.berger@myscu.edu,!-?VhXMWv+9q,student
brandon.flynn@myscu.edu,o/-J4-DQR1E|,student
kelly.brooks@myscu.edu,"PL/8,T-Eb!m^",student
dustin.schmidt@myscu.edu,6Y8W5:v`lp/+,student
ashlee.sparks@myscu.edu,OZ!n/@[2fstC,student
george.miller@myscu.edu,P7x#I6\H_T}L,student
monica.harvey@myscu.edu,nf}QqGNEj%:M,student
john.durham@myscu.edu,=>b%QIOOE!Xw,student
douglas.murray@myscu.edu,P];t~!rlg&YU,student
jonathan.scott@myscu.edu,~m3SV-9TvAEV,student
albert.ballard@myscu.edu,Mw97<bAREN|6,student
rachel.byrd@myscu.edu,"%pY#s'}},Wm@",student
eric.alexander@myscu.edu,"nX({m2.IjL,X",student
michael.matthews@myscu.edu,BX'S{.Gi])'5,student
danielle.coleman@myscu.edu,kXuj~/1FmA=F,student
john.bruce@myscu.edu,rF=gpv8tU.d$,student
james.cruz@myscu.edu,Y.>Lms^tZ~+b,student
timothy.young@myscu.edu,U2y(L3*puQH),student
ashley.andrews@myscu.edu,")DO%Xs>g^V""{",student
victoria.phillips@myscu.edu,#i]2`T]=Keo4,student
tiffany.barrett@myscu.edu,"P+)(8xK#vE"";",student
joshua.knight@myscu.edu,gooUzFxhn_4;,student
gina.garner@myscu.edu,`2%q=r4[6{[$,student
brandon.obrien@myscu.edu,cW_3]eT[+Jul,student
tyler.strong@myscu.edu,",OKk`dUZ^0vZ",student
justin.lindsey@myscu.edu,s+z3\&ol6cU[,student
catherine.gomez@myscu.edu,s3^!e$\7B_ZT,student
dana.oliver@myscu.edu,"<,,Df`/Y6^M#",student
erica.le@myscu.edu,Q2{nD{mW+3vi,student
donna.massey@myscu.edu,Pw$[2Mm2(sx&,student
courtney.berger@myscu.edu,8YkDHD;V~ik-,student
debbie.parker@myscu.edu,"jq.!W""?t7]is",student
scott.riley@myscu.edu,4X]j$rvjH-Vv,student
jessica.davis@myscu.edu,"8/oZ.z.T/}""J",student
kenneth.burgess@myscu.edu,|7r;-*8KqsS$,student
gregory.anderson@myscu.edu,"5U^io<0,gYfv",student
amber.mata@myscu.edu,n4@S.+$y3CR_,student
alyssa.mcintyre@myscu.edu,"0ivZ`1,LfbqC",student
maria.scott@myscu.edu,nN*Dz+4ex-#|,student
makayla.olson@myscu.edu,Xv!j3FTK.*j(,student
lindsay.francis@myscu.edu,"]v,Yp[&8Jx""J",student
matthew.wilson@myscu.edu,",Jo(>OzXY@s^",student
sydney.taylor@myscu.edu,VPr&2|yq$kr=,student
tammy.dalton@myscu.edu,WvL@9-20u|=n,student
jennifer.whitney@myscu.edu,=Y~8;F'(cJ7@,student
tammy.ballard@myscu.edu,8t6f}iX+iCY.,student
michael.gibbs@myscu.edu,:Vb5g'`rG3nY,student
alexander.herrera@myscu.edu,H%=)hV+?R-NW,student
shawn.chambers@myscu.edu,2=l@KiTe_D--,student
emily.richards@myscu.edu,"m?(k_""@pN1Nv",student
lynn.bentley@myscu.edu,5l%y}bpX_7{y,student
daniel.hall@myscu.edu,")aMe""FkLYCq%",student
angel.henson@myscu.edu,"""DG1._/_l@Wm",student
anna.herman@myscu.edu,[G`pe$Z?B1G|,student
jeffrey.brown@myscu.edu,DrLU3Gk>a`3R,student
madison.blankenship@myscu.edu,L3J8$<UHr-vd,student
kevin.ortiz@myscu.edu,Y|+jMVu]%F|;,student
donald.shah@myscu.edu,$!tbiIqdw5iI,student
kevin.vasquez@myscu.edu,LODuH]RZsWJf,student
colton.clay@myscu.edu,(|K%XG_}6s6\,student
derek.chavez@myscu.edu,U#'[sEHQ<Unk,student
ellen.paul@myscu.edu,"37z^FhDU""nBx",student
sonya.barnes@myscu.edu,I9_\Ms=NOFM|,student
julia.moore@myscu.edu,?n'U~.G.|S[s,student
robert.garcia@myscu.edu,8nyX>}l{*nR\,student
tracy.russell@myscu.edu,R5%)rwO5i:;H,student
stephanie.johnson@myscu.edu,5Whfd`;X4@SZ,student
mitchell.ramos@myscu.edu,#cqF~l)76>2X,student
stephanie.foley@myscu.edu,$qB7<ukJ?rue,student
cory.jennings@myscu.edu,S\MGC_B+wn)E,student
amy.levine@myscu.edu,?:#H##o7:gBO,student
michael.sanders@myscu.edu,YK\otzw[0;CD,student
james.martinez@myscu.edu,E*pWm/]YIN/@,student
melanie.gibson@myscu.edu,9*L%h/z=saqr,student
elizabeth.may@myscu.edu,"m#,m+*ip-Bkq",student
carla.smith@myscu.edu,"cl!),]y[wMn<",student
kristin.sanchez@myscu.edu,_`LuA'b6o7gz,student
david.cunningham@myscu.edu,xF[D|ozA%N8U,student
casey.hubbard@myscu.edu,{vMOzap}qpr*,student
jamie.robinson@myscu.edu,%5iJpF9I|U5G,student
molly.murphy@myscu.edu,"=wl<X""v~ZoU4",student
dylan.lester@myscu.edu,msQ8o]|l|K8~,student
aaron.garrison@myscu.edu,q;'F&7e-3QX9,student
duane.anderson@myscu.edu,RYF+pcZ2rojl,student
john.thompson@myscu.edu,"""|O""t1om)+-x",student
donna.johnson@myscu.edu,!ZdL=E`hT]PI,student
alexis.tyler@myscu.edu,OWi5=H%Zr&Yp,student
john.morris@myscu.edu,"""!#6X=APZ|0M",student
grant.williams@myscu.edu,|Jhj;L(h@LoL,student
judy.fox@myscu.edu,MM!c38\lHKgJ,student
julie.alvarez@myscu.edu,W>6[e$8}OP6.,student
kimberly.palmer@myscu.edu,"o""KA*K0NTZ<,",student
daniel.gordon@myscu.edu,;DGj~Qa(n<nK,student
sonia.williams@myscu.edu,l.Xy-4H.TDxQ,student
krista.camacho@myscu.edu,1V*vg%>7z{(W,student
adrienne.ellis@myscu.edu,_D0+T61CNst#,student
tamara.brown@myscu.edu,HTI;lyR:3d9R,student
timothy.morales@myscu.edu,pxc:W5T3itrd,student
gina.henry@myscu.edu,.4v={Yg=m9>[,student
renee.jones@myscu.edu,RN4n_'sp(^C:,student
christopher.franklin@myscu.edu,`^c@bq.J7P)b,student
cameron.hill@myscu.edu,Ssv|Uc8ZO`IS,student
cynthia.kelley@myscu.edu,#{?_N&:g{9<!,student
mark.vang@myscu.edu,_#-bEI{N/q>=,student
alyssa.chavez@myscu.edu,P\P|dn:by@]2,student
catherine.garcia@myscu.edu,?+Ri>:_XR<&?,student
jacqueline.farrell@myscu.edu,::$AM9/(Vhj3,student
debra.mack@myscu.edu,2-rQ2ImtB|;*,student
jennifer.lewis@myscu.edu,<#-JX(d#:.xR,student
shannon.perez@myscu.edu,w?_@a`]31\|x,student
matthew.chavez@myscu.edu,$uQTdnN`q&T],student
robert.davis@myscu.edu,"V""q&w>,GZr=9",student
ronald.ortega@myscu.edu,"~F""SRsGd1\N#",student
nicholas.hernandez@myscu.edu,WfrJ$#&%(dnk,student
sandra.jones@myscu.edu,Kb\~_{9)jc1H,student
marie.davis@myscu.edu,QN{57dA^?rIC,student
colin.rodgers@myscu.edu,spjr>;)^F?0*,student
lisa.hawkins@myscu.edu,dI@I~*t=4.ks,student
brenda.hoffman@myscu.edu,aid%U~^iM%YZ,student
mark.martinez@myscu.edu,<>qn>vuAe@87,student
michael.ortega@myscu.edu,"|C6Sm+""@h#""Q",student
karen.parrish@myscu.edu,8`;tm;4V`8f|,student
jennifer.schmitt@myscu.edu,4`J'(`6yj3Jk,student
caroline.bell@myscu.edu,"l`OQv{>n=u,F",student
becky.lewis@myscu.edu,)4qZT.I#r!;B,student
diane.walker@myscu.edu,Z@X5S*/0TTiL,student
daniel.bruce@myscu.edu,Wa#tZ2CGU\Xs,student
michael.farmer@myscu.edu,r[<CGjmjpSn!,student
audrey.aguirre@myscu.edu,6ccmAp!vwPm?,student
megan.villegas@myscu.edu,"G8V""1d{>ww)9",student
loretta.austin@myscu.edu,>oDfpvX$>{9Y,student
dawn.johnson@myscu.edu,"1|M""#QHqgpg|",student
sarah.gallegos@myscu.edu,=y34T1-wHWXh,student
joseph.white@myscu.edu,ut%{X=8x6;jf,student
jacqueline.parker@myscu.edu,2&}<(95GYY80,student
matthew.smith@myscu.edu,"""/Y&CSIk@SXZ",student
molly.knight@myscu.edu,_L$gGxLaz\K9,student
richard.thomas@myscu.edu,"<4rG%{;""(-.<",student
cynthia.johnson@myscu.edu,1F)!rx9oS~Hy,student
julie.lewis@myscu.edu,jg?Mt:[ikT1q,student
robert.peterson@myscu.edu,adKMj?et#B!%,student
mitchell.griffith@myscu.edu,"^UV<po0,`:io",student
kimberly.bradley@myscu.edu,2>\tGUA'o3Kr,student
christopher.williams@myscu.edu,<US+c/LAnO)M,student
eric.williamson@myscu.edu,!t)Sa.RRW=-N,student
emily.nelson@myscu.edu,hsf._mI}uk*!,student
ebony.tucker@myscu.edu,3[k2&!BGQ#5H,student
scott.nelson@myscu.edu,(\fFC]$UyE-4,student
kari.wilson@myscu.edu,"$@,RxHiK'(q~",student
russell.campbell@myscu.edu,FnEC*uh-8b+',student
erika.tucker@myscu.edu,}pkO1Mj4qH(V,student
elizabeth.williams@myscu.edu,"}.}6[2D8LF,&",student
randall.greene@myscu.edu,"""&BcJ7:Mo%:m",student
adrian.turner@myscu.edu,k@XUNC8BQdZS,student
jason.taylor@myscu.edu,U^Z|:sq%r%>q,student
jonathan.murphy@myscu.edu,yX)_N`9Rq6it,student
adrian.burgess@myscu.edu,N~HY-s8j[@z/,student
gregory.james@myscu.edu,"YqL>S66[,X&9",student
jane.mason@myscu.edu,*AWVV>J.!RaQ,student
martha.drake@myscu.edu,D{@(3>%6-%5q,student
charles.hensley@myscu.edu,5x17j6wX[q_v,student
bobby.smith@myscu.edu,"g,c%@U.0Qj>h",student
samantha.atkins@myscu.edu,US=IdpousdnH,student
barbara.berry@myscu.edu,Ru0JhkPJRJO:,student
jenna.butler@myscu.edu,qy)8Z)PpkWRY,student
darius.smith@myscu.edu,"Ra@e{""c5,HRm",student
mark.solis@myscu.edu,"2y{O},DS\VfW",student
christine.collier@myscu.edu,:G|f^Y9;OM28,student
samantha.davis@myscu.edu,Aj(5HQqs5FT0,student
megan.sanchez@myscu.edu,`I#Ld)Vc}LW9,student
brianna.warren@myscu.edu,"g$3fX[""R[%*D",student
randy.collins@myscu.edu,"-4mh;""""M/:Mv",student
matthew.cook@myscu.edu,+$fW_UzgF]Mn,student
gary.dixon@myscu.edu,0H&bZNF\%yx:,student
daniel.hicks@myscu.edu,Q>6ZE!6#6lrl,student
rebecca.bailey@myscu.edu,"d6aC,x""~$Dc5",student
jessica.fuentes@myscu.edu,"V_3_j_T~e""WM",student
lisa.young@myscu.edu,*@aFSVfxm6h(,student
dwayne.gonzalez@myscu.edu,|SlcuI1oY.81,student
carrie.wolf@myscu.edu,KcpbLkK-_+1*,student
diana.thompson@myscu.edu,17nkiI<lq]UH,student
kendra.snyder@myscu.edu,"1l""5GOo)a9!f",student
karen.wolf@myscu.edu,"P-?1K_,VJxo8",student
shane.glass@myscu.edu,l-x62dS'Ub-k,student
anne.reid@myscu.edu,IT{)I@+sILNf,student
claudia.lin@myscu.edu,"8""kA;=Sxx\,L",student
courtney.hernandez@myscu.edu,!$}9K7{0SuV-,student
carlos.ramos@myscu.edu,izfza1b(`K(y,student
kevin.hill@myscu.edu,w~NlhpGx8*jh,student
brian.romero@myscu.edu,"xv@&K5vh<\g""",student
lance.hayes@myscu.edu,O-p^Hb/!_|~?,student
brian.decker@myscu.edu,?ls]-xOO9|bj,student
chase.lin@myscu.edu,0wD-Jk-?=|@y,student
melissa.gilbert@myscu.edu,mX!lA)3AZWJO,student
william.ford@myscu.edu,$&ZeQ]7izy>Q,student
angela.conner@myscu.edu,H@6^OErmUM7W,student
paula.cole@myscu.edu,1TWR.IOva3Mm,student
lisa.pearson@myscu.edu,"<B3,^olixxJH",student
marc.alvarez@myscu.edu,/#e%~~)(\fH:,student
edward.brown@myscu.edu,",QR74XB*tQa)",student
dale.nolan@myscu.edu,"XB,*&W-Iw+$y",student
matthew.klein@myscu.edu,V5O7r_f/;KS#,student
william.thompson@myscu.edu,"Q,DJh,]t`K29",student
john.kim@myscu.edu,0>}yPDwp6V[n,student
scott.mills@myscu.edu,oEi#Ywl{Fa4l,student
erik.watson@myscu.edu,kBv=RtpDXl`>,student
justin.ortiz@myscu.edu,ryT%X9_8A#ef,student
matthew.harper@myscu.edu,slQ.C\?W7(G?,student
kristina.holland@myscu.edu,V$%G0/vc['W\,student
cameron.davis@myscu.edu,w6P_b>e2G]$&,student
erika.mitchell@myscu.edu,zZ~E~mo+JVcA,student
jennifer.douglas@myscu.edu,Wl$)O)=Qgp]J,student
rebecca.marks@myscu.edu,)YlEb`s:<vgo,student
mathew.aguilar@myscu.edu,"GDPm*""tMzi""z",student
donald.bailey@myscu.edu,$;/3&[PHjf++,student
tammy.hale@myscu.edu,^ObnS}Kx!z?-,student
philip.larson@myscu.edu,;uuSpJ5wyD_q,student
sharon.collins@myscu.edu,zMvQIPWl/4Nl,student
nicholas.conner@myscu.edu,zH9}oD~<v{9},student
lisa.santiago@myscu.edu,"$""|$K2@I=YK0",student
maria.rodgers@myscu.edu,7O3a8}a0[I(*,student
gina.fox@myscu.edu,1kOGtyi]9_(J,student
debbie.henderson@myscu.edu,F3*B|3Gh<KbD,student
michael.cox@myscu.edu,\!c#&0OJUf>l,student
henry.lewis@myscu.edu,x2syn8;^bm'I,student
stacey.tucker@myscu.edu,"&cvcFV2e,m|Q",student
jeremy.taylor@myscu.edu,uUA(*:-gO=*],student
chris.richard@myscu.edu,8t'dWVO9lrXt,student
craig.wise@myscu.edu,wgA'Z^_|OZ38,student
mary.stephenson@myscu.edu,Ri]P6xUc\&AY,student
benjamin.rogers@myscu.edu,"#$4^(bi/2""$3",student
katie.anderson@myscu.edu,dV#c9`<g+3]Q,student
nicholas.martin@myscu.edu,8[BwS:cH{4OH,student
marie.wise@myscu.edu,"R?'n2,Ls)^QH",student
lisa.martin@myscu.edu,}/fl$C4'vO%x,student
samuel.jenkins@myscu.edu,w`V/wkw*d[R1,student
erica.young@myscu.edu,"1>uGOFL8X""ok",student
sean.mitchell@myscu.edu,)f7}oCf9}*^X,student
kaitlyn.cole@myscu.edu,KTN@~/_!OkMK,student
amanda.collins@myscu.edu,oV$'@s9>F$/N,student
lindsey.harrison@myscu.edu,14XRw}{/gMj.,student
mary.richardson@myscu.edu,JU0Q0mT^^}=\,student
stacey.joyce@myscu.edu,"(GxsB6=Ar-H""",student
steven.campbell@myscu.edu,E?uUp!by)!nT,student
patrick.rose@myscu.edu,&u^[+zdX[qrD,student
tammy.montoya@myscu.edu,'n$>^+93O&(O,student
laurie.taylor@myscu.edu,35=.apnn(_(p,student
john.davidson@myscu.edu,"N=`7fkD<}JN""",student
morgan.spencer@myscu.edu,-B9zQDWs_;ZV,student
curtis.singleton@myscu.edu,9s!.%9I~q~%X,student
melissa.mitchell@myscu.edu,:Z%O}K:y'/$j,student
kathryn.nelson@myscu.edu,">vYP}4<~EK""~",student
rebecca.hernandez@myscu.edu,*PCF$x=Qr)7.,student
samuel.potts@myscu.edu,<%Wur$Gsz)(f,student
jeffrey.hayes@myscu.edu,"'7""}s`T<^o|v",student
michael.johnson@myscu.edu,j}48|1QibY#`,student
brian.shaw@myscu.edu,"4O$-4,>4e4Nq",student
joe.vang@myscu.edu,mY!Ah66e)-wY,student
nicholas.johnson@myscu.edu,3T6ok\-w/g5D,student
sarah.combs@myscu.edu,/YB7&-q){[v9,student
debra.moody@myscu.edu,v5.qryu5=i}A,student
devin.mitchell@myscu.edu,"NES_fH_B,4U7",student
maria.horton@myscu.edu,$C}MDyo:bwH;,student
dominic.thornton@myscu.edu,`9zMr1lcO[Qm,student
shane.smith@myscu.edu,cS$Dl'~$xN4:,student
christian.scott@myscu.edu,9St~Th9mqpEl,student
mary.dunn@myscu.edu,3NKe>afO|Oo^,student
jessica.rose@myscu.edu,v'H:ZC$>E0[v,student
daniel.roberts@myscu.edu,_PL({C8<XqfB,student
kevin.williams@myscu.edu,tqO(j'|%c0%w,student
robert.bauer@myscu.edu,}.AeT_?/H=`R,student
stephen.rodriguez@myscu.edu,Inm'_uk(5Z?{,student
rebecca.carlson@myscu.edu,SA'YB~@$R0\),student
allen.robertson@myscu.edu,&%)b(`:?C00{,student
john.thomas@myscu.edu,"""?Cam;B`SOOp",student
ruben.mendez@myscu.edu,\cD+qHGz(6zH,student
john.butler@myscu.edu,^3:iW1YM0JMf,student
elizabeth.miller@myscu.edu,@wMoZmBtqYt4,student
theresa.jones@myscu.edu,aQHTw/pU;uMT,student
alicia.romero@myscu.edu,M>xwiQ([uxY!,student
vanessa.spencer@myscu.edu,dSE.&J*?A]<P,student
peter.harrison@myscu.edu,"ppgtA+b""L|(T",student
cynthia.zavala@myscu.edu,GY*ctBc+>~c:,student
jon.smith@myscu.edu,x%/$Aw~82ari,student
kristina.cooper@myscu.edu,~^T0njRH2aKY,student
jessica.fuller@myscu.edu,A3HeFLSJjij),student
kelsey.moss@myscu.edu,yX\ow`NHogE>,student
marvin.williams@myscu.edu,"K(M,CN4yP@r(",student
amy.li@myscu.edu,q8\4w%]mEL'~,student
gregory.maxwell@myscu.edu,x&jxEc?=\|[V,student
steven.dominguez@myscu.edu,&\lS^Ah9$rj6,student
crystal.cain@myscu.edu,"-$(Q#>|u)P,Q",student
bryan.parsons@myscu.edu,ewuz$?-V%CHz,student
stephen.carter@myscu.edu,%Evjbis@^e-3,student
bradley.gonzalez@myscu.edu,c:DfL9Nm%E&R,student
bobby.mahoney@myscu.edu,"0Jk/:z{v|D},",student
zachary.hays@myscu.edu,",p)O4>2E/ze7",student
amy.king@myscu.edu,.)ta'N[nww>w,student
karen.lee@myscu.edu,Z'3guvQ0llc\,student
michael.norman@myscu.edu,|oC'.9Og:*3j,student
michelle.rivera@myscu.edu,cms1g{{o(K%y,student
david.richardson@myscu.edu,Y5UuKtk$1q:o,student
pamela.paul@myscu.edu,GB;s\hTs4a?P,student
patricia.hughes@myscu.edu,@:pupo`M0q]],student
terri.crawford@myscu.edu,"[9vC9""t!H/Lo",student
tyler.glass@myscu.edu,]!^/%mf^s4JP,student
april.owen@myscu.edu,"&,Xl7{Fn~wPJ",student
jessica.miller@myscu.edu,S$R-K.4cSZDD,student
carrie.short@myscu.edu,:P7S7$)%bf~g,student
amy.morris@myscu.edu,5{]kL<>/Gs=|,student
christopher.guerrero@myscu.edu,\b:kr{%Oh{N$,student
kirk.morrison@myscu.edu,!l;>hNmm6/tw,student
ronald.norris@myscu.edu,"()$HRK,$Ft?i",student
michael.williams@myscu.edu,")Ag;""?5:]A%S",student
molly.gomez@myscu.edu,t|C|qy1zw)5<,student
whitney.hill@myscu.edu,/XI3:u.3xpm9,student
tina.gould@myscu.edu,<hFDl9*IE3ie,student
charles.walsh@myscu.edu,|65-jI_fMFQx,student
michael.owen@myscu.edu,)'|%oR(o.t8O,student
erin.cisneros@myscu.edu,8=GtW@n&@.4+,student
douglas.lawson@myscu.edu,"u{B'4^L,KM=T",student
kimberly.johnson@myscu.edu,@+Py0mt2Z.s>,student
carlos.osborne@myscu.edu,"E|,nnI^uFNnv",student
michael.reyes@myscu.edu,=+dXd?4sq6i=Q,student
ashley.jacobs@myscu.edu,=]rN<`O#Ad?#,student
erika.rush@myscu.edu,13(c:f=GtQlP,student
nathan.hines@myscu.edu,WnW3[Wn']]+x,student
audrey.moreno@myscu.edu,JI~Y%XFitX3J,student
raymond.banks@myscu.edu,h9O_MTXk>`#e,student
john.wilson@myscu.edu,2mlRH%>C!d;n,student
jill.porter@myscu.edu,[L)uLSX#u$M$,student
paul.hoffman@myscu.edu,"Pf,9m!0J}_((",student
jose.green@myscu.edu,ItWs>p|RBfV;,student
sean.davies@myscu.edu,qV|oz}SEuOL`,student
justin.hendricks@myscu.edu,|7g/g[A>$3VR,student
travis.martinez@myscu.edu,MDC*pvTv8EO<,student
melissa.hayes@myscu.edu,#UF1]=~.o40R,student
rachel.wallace@myscu.edu,Z)^oU7iGSzVO,student
christopher.fleming@myscu.edu,xXq{\R:%(fOa,student
megan.flores@myscu.edu,F?d;-Rb[RgtO,student
michael.brown@myscu.edu,/:9K{~b|x3:.,student
amber.vance@myscu.edu,7r2|v[BUo.A2,student
melissa.joseph@myscu.edu,",<1dE`ynU28h",student
sara.little@myscu.edu,%]mO(rV2Mb[G,student
laura.hicks@myscu.edu,"Dc,,+4e^137o",student
david.harris@myscu.edu,W9pF[nZM;PZh,student
dominic.tyler@myscu.edu,l{m#OI\/vfv6,student
anthony.spencer@myscu.edu,0h|~Y0Et(^xh,student
miguel.lara@myscu.edu,hBt>pzJz'_eY,student
andrea.salazar@myscu.edu,`LEG)ZBQxv#@,student
christopher.parker@myscu.edu,FP7+I-`Y?S)/,student
yvonne.higgins@myscu.edu,10T6O2luiB8G,student
alicia.hammond@myscu.edu,:3{MhvJ-Ml4N,student
madeline.jones@myscu.edu,",qIgJW-[5P9C",student
teresa.day@myscu.edu,oF0@=m@S*IJx,student
shannon.frazier@myscu.edu,.Z~SqvJO7F3=,student
melvin.humphrey@myscu.edu,}\F<Q[]i3ln.,student
kimberly.bowman@myscu.edu,&e)Q5I0P$V<{,student
hunter.burch@myscu.edu,qO1hjfoJ#Tuw,student
ryan.bartlett@myscu.edu,"[N[~^>d,p`mJ",student
brian.martinez@myscu.edu,0/evrWq>)@{R,student
eric.martin@myscu.edu,UqC7!|J'adGm,student
marcus.fletcher@myscu.edu,5?4(ym|kgz/w,student
michael.everett@myscu.edu,oy8C=*IVtA\z,student
patty.singleton@myscu.edu,"N|>B,wFuH>3s",student
john.reid@myscu.edu,?)b[wh!Vd^mT,student
andrea.martinez@myscu.edu,tAAjeo3'SGQ8,student
kevin.ferguson@myscu.edu,CZT#3{zjielo,student
wayne.jackson@myscu.edu,"a1&Po'?ey,LG",student
shelly.moore@myscu.edu,9'nA$XH\bIlw,student
donna.le@myscu.edu,"[sgXKvdm""=8|",student
cassie.kirby@myscu.edu,7Ycp/6~;Cusn,student
anne.bryan@myscu.edu,H(V(~dYNgM%@,student
anthony.williams@myscu.edu,+=[8p#'g|=4s,student
darlene.ray@myscu.edu,"Zb(|M(x`3{?""",student
debra.wang@myscu.edu,"[V{Cd""@PS~Ii",student
robert.fowler@myscu.edu,BL0TV|-G|Z#W,student
tyler.burton@myscu.edu,t{1!HG.giF8k,student
keith.frye@myscu.edu,HT!fcLF=!+tn,student
timothy.ballard@myscu.edu,e~x8mzXM/2S{,student
gail.evans@myscu.edu,"odHI6""J7#xr5",student
charles.brown@myscu.edu,Hn62EO?UsUI^,student
scott.washington@myscu.edu,%XTSRh5{S*0H,student
james.lawson@myscu.edu,bBqE6G*PQf.?,student
larry.higgins@myscu.edu,Wkk;4KoGYKk(,student
jessica.valencia@myscu.edu,"""(jys(Za""=HI",student
theresa.anderson@myscu.edu,}fY#pf9qoyX;,student
mitchell.hoffman@myscu.edu,UkqR}:<E:#=1,student
luis.owens@myscu.edu,T2w/4v(EXG!{,student
joseph.wright@myscu.edu,Z!P$pSShV6gH,student
colin.roberts@myscu.edu,3@1j\{W&F}M=,student
patrick.gilbert@myscu.edu,"AL%Pk4M&K&,F",student
john.grimes@myscu.edu,*HQ]3OX47^+C,student
erik.murphy@myscu.edu,rJ`L1Qj=too^,student
becky.edwards@myscu.edu,X*}/'b[v@*Sl,student
kathryn.jimenez@myscu.edu,0p<l*0<]J$O},student
xavier.jimenez@myscu.edu,6xcUFxu//x72,student
kyle.johnson@myscu.edu,!y/@MRElw'\3,student
sierra.wagner@myscu.edu,Z;6XM15rlTOl,student
tammy.lewis@myscu.edu,"m,Hqa9Ka_]c%",student
michael.williams@myscu.edu,l>|m7=^AQk$p,student
troy.khan@myscu.edu,X]dhKdK*sE'],student
destiny.ruiz@myscu.edu,!?bl`\%*i}`9,student
amanda.boone@myscu.edu,0mE_eiiA4TH<,student
ryan.khan@myscu.edu,|hk+/D=#(Ej*,student
jessica.gallagher@myscu.edu,$TTrU[}NxUka,student
michael.morales@myscu.edu,8a)@-6~g&/mq,student
ashley.lee@myscu.edu,vjL4bG9XqmcE,student
angela.jones@myscu.edu,"Z(M]z&_,G4Ce",student
william.duran@myscu.edu,$Ak[%1Fyr|a(,student
joshua.hays@myscu.edu,yO/s|$4VpZiF,student
erin.wilson@myscu.edu,P:mF0Z>PjywT,student
theresa.long@myscu.edu,jHDLh0@]\/8*,student
laura.morgan@myscu.edu,"L:TT'(kpP&""=",student
sheila.fischer@myscu.edu,_W66BuO)]rg.,student
james.hicks@myscu.edu,"`ncEKQ0M4,/0",student
vincent.williams@myscu.edu,q6JdvWUW{Y<z,student
derrick.cook@myscu.edu,k_e0Ilv+e>q2,student
thomas.bryant@myscu.edu,s1jpi#=7i&k&,student
catherine.robertson@myscu.edu,"dd""=M&9LmUBb",student
mark.austin@myscu.edu,JN:S3?sJ-KR4,student
francisco.ewing@myscu.edu,"X|1uj^\h0.B,",student
jodi.evans@myscu.edu,A7Lz;i'O~mm^,student
matthew.clayton@myscu.edu,aA6ES'<CjXCU,student
amanda.erickson@myscu.edu,e;Gbb+NV)pb',student
kevin.cabrera@myscu.edu,?NMA\49VS6:q,student
micheal.nunez@myscu.edu,D+R7rdFImS}7,student
tina.silva@myscu.edu,2+[?gqd5^(qi,student
laura.swanson@myscu.edu,T#~r>]\MQ5%q,student
hailey.johnson@myscu.edu,[[80~j(MVRV;,student
thomas.coffey@myscu.edu,GXrw*]_m[8N4,student
krista.parsons@myscu.edu,OUA8_oGL6[7<,student
becky.griffith@myscu.edu,TJIvs/(}yB70,student
brandy.jackson@myscu.edu,oFqeU@G]})]!,student
cristina.harvey@myscu.edu,sy;)h[{D.f;h,student
maureen.hernandez@myscu.edu,y_6'B;Gp%<UT,student
erin.johnson@myscu.edu,d>~'pMm-'JAe,student
stacy.rodriguez@myscu.edu,"2B,%I]T^-I<!",student
andrew.edwards@myscu.edu,"?i2frO_""dt/'",student
edward.vaughn@myscu.edu,Fx?`=)fl5yvS,student
robert.hampton@myscu.edu,dO72Y4vHaGY-,student
samantha.salas@myscu.edu,PMYop?)G|J!p,student
jill.brown@myscu.edu,WIp$%+Y.YRbG,student
devin.clark@myscu.edu,"A@,k+dIPUQ\e",student
mark.bates@myscu.edu,'K/IR6uy1`0J,student
alicia.edwards@myscu.edu,9g&.n%\+E4BN,student
glen.barr@myscu.edu,xtD=a.\Kz'_i,student
matthew.gomez@myscu.edu,g_oQYtHa+ceq,student
kelsey.le@myscu.edu,",4r(eml&*Sg;",student
dawn.steele@myscu.edu,9t(-x9IJBhey,student
chelsea.lee@myscu.edu,d4XGn{5Y\Dbg,student
john.grant@myscu.edu,ZQOEpa|QaN53,student
jeffrey.dudley@myscu.edu,K/|nu>Zcs0X&,student
kenneth.roberts@myscu.edu,6a+cIKtJ6Rf#,student
jared.bush@myscu.edu,)-EI4J%B=~mo,student
logan.bailey@myscu.edu,$O*u)uU|iSv.,student
sarah.pope@myscu.edu,"Y)EQGTG]""C0N",student
joshua.martinez@myscu.edu,4sCy0&BcW_^&,student
erica.james@myscu.edu,=rC:fStl|Iw$,student
tina.cardenas@myscu.edu,DKkXtL5a2^e:,student
stephanie.ballard@myscu.edu,>7H1QcD4mt'F,student
kelly.roberts@myscu.edu,do-8+K+8F.>!,student
jennifer.reed@myscu.edu,"Xu,}n.su?J[j",student
scott.scott@myscu.edu,BU!JAq5OPXIC,student
timothy.harris@myscu.edu,C@<`_;%;5Z-#,student
amanda.fitzpatrick@myscu.edu,5TLhNW!'z5~_,student
heather.taylor@myscu.edu,Ov)gUCfInNc],student
christina.matthews@myscu.edu,0ieYj$c1|:>^,student
john.santiago@myscu.edu,~2ZX?).ih[t(,student
amanda.little@myscu.edu,>rS<k2koE}x0,student
brian.gutierrez@myscu.edu,g;<I%\8_B_Q;,student
jennifer.garcia@myscu.edu,!l:A'mUexAv),student
kelli.smith@myscu.edu,;feLL6$6Wpn',student
andrea.hickman@myscu.edu,w8{+-zOm'c;3,student
richard.donovan@myscu.edu,[w*rk%vsIaw@,student
natalie.woods@myscu.edu,vG$dZ7L3V2;i,student
james.maynard@myscu.edu,;PDy%L/-y$A;,student
manuel.brewer@myscu.edu,=-n+dWhp4ws8N,student
rebecca.davis@myscu.edu,O8i$2>fSK3o\,student
audrey.nichols@myscu.edu,HWwh/V7TQ;cO,student
jennifer.zuniga@myscu.edu,"K""H|?*[AS+`Q",student
robin.thompson@myscu.edu,hB]@{_x|)rK{,student
nicole.thompson@myscu.edu,|I*.Wufs?Hmb,student
samantha.osborn@myscu.edu,ync#<OXLX#$\,student
randy.simpson@myscu.edu,!;%*or*r+[:',student
sharon.hayden@myscu.edu,SQlY(8z0+NK:,student
sara.mcdowell@myscu.edu,0)\3rwyTK4TF,student
albert.bradley@myscu.edu,P:i{Su#;Wm#o,student
daniel.bird@myscu.edu,>.gI7PVY{Q+H,student
justin.hays@myscu.edu,"d29.VOXKDN,}",student
amy.snyder@myscu.edu,"CP""tK^8x/'Vj",student
sheena.rosales@myscu.edu,FqZN@#cKG:Ev,student
taylor.lee@myscu.edu,MgJ29Mi(cmn',student
daniel.martin@myscu.edu,2Te|#b:;'CWm,student
stephen.scott@myscu.edu,Os|2?O}m^)Sh,student
jacob.doyle@myscu.edu,`d4?;TpxdHB=,student
krystal.bradley@myscu.edu,"b.OX*U),F""9\",student
katherine.thompson@myscu.edu,"""eRgRre9|Izg",student
melissa.prince@myscu.edu,JkG%:82JP^gL,student
margaret.robertson@myscu.edu,"LUW(y$""di={2",student
christopher.caldwell@myscu.edu,"5Ly}NGI""h1uM",student
jack.taylor@myscu.edu,T~h|5Zb]r0<o,student
marcus.wright@myscu.edu,"z~6vt,(QR)S9",student
jose.young@myscu.edu,JNo@{*IDP=ZW,student
karen.finley@myscu.edu,:V]vGDKWv\P4,student
kevin.sharp@myscu.edu,|R21s1~9'_Jc,student
alexander.valdez@myscu.edu,6XnN(@4E><uN,student
heather.brown@myscu.edu,?v_]JG[yWc9~,student
david.parker@myscu.edu,-|Ap9K]tW{fi,student
richard.shaw@myscu.edu,""">~>lSd&q,3D",student
paula.padilla@myscu.edu,hY'GQ:+N&B4T,student
larry.wilson@myscu.edu,qsd:)puRK\-y,student
sabrina.phillips@myscu.edu,o3l[ZcdGU-$6,student
christina.robinson@myscu.edu,8*sGzNNG_t2X,student
dennis.hernandez@myscu.edu,UG($sGP2hyH7,student
julie.obrien@myscu.edu,d&)~R1vLt=IO,student
robert.dunn@myscu.edu,>YuCv[g`LIaF,student
thomas.medina@myscu.edu,",-4MW\\;<,Ca",student
elizabeth.robinson@myscu.edu,y!QoJl5D(?|k,student
john.fischer@myscu.edu,6cd(#4c#Vi0E,student
morgan.miller@myscu.edu,nw;k[Cka87WD,student
sean.padilla@myscu.edu,",I2xpmxDzY67",student
christian.elliott@myscu.edu,"=p@,x.0Vf)9Z",student
bryan.kelley@myscu.edu,vAB`H>ce5IU|,student
william.armstrong@myscu.edu,_YJ|XulTH]U2,student
edward.murphy@myscu.edu,"Dw,*zAJCoH06",student
abigail.wilson@myscu.edu,"tt+,=0t`}4-,",student
jamie.aguilar@myscu.edu,e^X=HsKM)VSP,student
christopher.dixon@myscu.edu,S*Q|M.|+g%y&,student
lindsey.chavez@myscu.edu,GOJ-J5xzA=pb,student
william.bryant@myscu.edu,JY&X|j4#\YF0,student
brian.ford@myscu.edu,Oo3eN]pr)J+R,student
lindsay.cummings@myscu.edu,ttHxnc6*dCGh,student
randy.velasquez@myscu.edu,"+l,%I=\U@wXW",student
julie.lane@myscu.edu,"K""%d)hqRQYjC",student
brandon.cooper@myscu.edu,\BgUiA.-Z72(,student
bryce.mcknight@myscu.edu,"6|,C.<n]0~)+",student
sarah.jones@myscu.edu,TFV?(4l3KC$:,student
sarah.johnson@myscu.edu,"Th7f:gaTdz""J",student
robert.mack@myscu.edu,W!+6M?>t+ywh,student
katie.good@myscu.edu,"9<,D`JIayHSe",student
debbie.fisher@myscu.edu,_zMr[U;OU((O,student
victoria.reyes@myscu.edu,VQyO/nv\'q*q,student
molly.knox@myscu.edu,Y9)Iw}.McpVf,student
nicholas.vega@myscu.edu,.Q=M_;T<H~m3,student
dorothy.ryan@myscu.edu,PX`e3Jsc6rt$,student
desiree.bailey@myscu.edu,*k.>!NRtv_{(,student
gregory.medina@myscu.edu,"/w?puZH1\dJ,",student
allison.luna@myscu.edu,K@i>\jO9Ctg[,student
jeffrey.smith@myscu.edu,n}pX}=Dr92IX,student
andrew.evans@myscu.edu,[r4N0&X)=xzr,student
emily.stephens@myscu.edu,_amnQ@oaw4J|,student
amanda.morrow@myscu.edu,!B7@*rS!7^i\,student
john.reed@myscu.edu,Pjxwsi-uJ6YL,student
joshua.pineda@myscu.edu,2/7Vz1EqF+]K,student
jessica.rodriguez@myscu.edu,@c.YE!!LBkN3,student
lisa.barnes@myscu.edu,{qaVpEG?HT}m,student
katie.stephenson@myscu.edu,>AQ_~x;zg'M9,student
alexis.harris@myscu.edu,t=C.Na`COou2,student
craig.johnson@myscu.edu,1<)t_0=F{`G[,student
carla.warner@myscu.edu,|[Wr_fc5I]0{,student
brandon.yang@myscu.edu,"kRs:*.`b,3Px",student
richard.young@myscu.edu,";l{e@q(_tU""*",student
jeff.shields@myscu.edu,gqIo2X!Hq(Vl,student
brian.gordon@myscu.edu,}\Le}O@pW7?#,student
keith.cabrera@myscu.edu,-*ao~99N>!;{,student
jessica.flores@myscu.edu,S2>F'ecAS;}m,student
carla.chambers@myscu.edu,"o.bZ8!o,%5;O",student
malik.turner@myscu.edu,"B]O98-`7q*M""",student
douglas.keller@myscu.edu,[SQ(L-=6C_/2,student
jeffrey.turner@myscu.edu,",!h6h_o].'<c",student
bruce.fry@myscu.edu,/L|cUjW~d-y+,student
nichole.buck@myscu.edu,EJQL/<=K0(;a,student
connie.simmons@myscu.edu,:o&3IZwOd%L.,student
tyler.compton@myscu.edu,[){Jp7\$5*DQ,student
shelly.powers@myscu.edu,$xn9?Rd&DQ]o,student
kristi.flores@myscu.edu,`/@G6m~UiE!e,student
robert.hernandez@myscu.edu,Z;}ca3zgbg0;,student
nicholas.webster@myscu.edu,RE6R<71@})%},student
thomas.atkinson@myscu.edu,.dN[_JM{r=}c,student
kevin.zimmerman@myscu.edu,"Dr},AXI.9&&3",student
linda.melendez@myscu.edu,5}W6k1ZU`v55,student
anna.faulkner@myscu.edu,kL>s#l&6`'&Z,student
angela.anderson@myscu.edu,"%_}zVD""K6?_s",student
john.harris@myscu.edu,D#If0%Mq|0C',student
deborah.nielsen@myscu.edu,'c9*vw4Zqn_6,student
melanie.davis@myscu.edu,`PR$sLoM%?Zw,student
jenny.lee@myscu.edu,Qa}2K)Cg9}kO,student
joseph.nunez@myscu.edu,u{CfPh\5=`w1,student
carrie.russo@myscu.edu,wzL>\96@%?vs,student
jacob.gill@myscu.edu,/hiD{_.IGLvB,student
jennifer.hansen@myscu.edu,[Z9~]_^EPVp5,student
timothy.booth@myscu.edu,KNb/wRM]]/\%,student
mason.krueger@myscu.edu,;oB!JC7DQExJ,student
alexis.giles@myscu.edu,Vx_TTmho50H~,student
suzanne.wilson@myscu.edu,++$Ci_H8[E3(,student
yvonne.mendoza@myscu.edu,DjHw{j:?(CvN,student
john.munoz@myscu.edu,$\o`@%lyy3g],student
james.herman@myscu.edu,y#]fb/;}}:N;,student
andrea.rowe@myscu.edu,jsc!?S6>1y?(,student
oscar.ferguson@myscu.edu,e#SRF[/Y91Q$,student
michael.green@myscu.edu,V!z2p[YwJ_d#,student
william.crawford@myscu.edu,^QDF6pq:@`5Z,student
corey.zavala@myscu.edu,q~Xpa;w*.b0U,student
terrance.franco@myscu.edu,s9i^+wyI6`L`,student
robin.wood@myscu.edu,]Lx3PtGkwx4U,student
robert.hart@myscu.edu,>lcC5s{k#RD1,student
jeffrey.thomas@myscu.edu,u^NsoaO5/+qa,student
jose.donovan@myscu.edu,25l3\_3F0V)#,student
beth.butler@myscu.edu,0L}V]tDMs2v{,student
elijah.rivera@myscu.edu,~?Ng.sW%DaQ;,student
noah.whitaker@myscu.edu,M_SS'UPNJQ&y,student
victor.pena@myscu.edu,zwx?41[E*R3z,student
gail.scott@myscu.edu,sp4H;+1jzEtP,student
lorraine.levy@myscu.edu,"BvU$P!e)5tQ,",student
darlene.henry@myscu.edu,"xRX>r^I^0(?""",student
gary.norton@myscu.edu,",nf>j=I[ytz<",student
gary.cortez@myscu.edu,N\7:X%Go5[tS,student
tracy.stark@myscu.edu,D1tEX}#[|!sU,student
amber.may@myscu.edu,*rOOvg#/^7w[,student
brian.johnson@myscu.edu,|_6@}@lrHPt~,student
melanie.landry@myscu.edu,-!{J%`m9.g@S,student
elizabeth.duran@myscu.edu,u=xFB]Z\jbHV,student
robert.kirby@myscu.edu,Ti)*WmEr|1(g,student
jesse.mann@myscu.edu,"O\Oi""$K.=,RL",student
albert.wagner@myscu.edu,_&EYe\]m!IAp,student
nathaniel.williamson@myscu.edu,"/.plOt.,>fg.",student
elizabeth.jensen@myscu.edu,">1t1>W?,oq%x",student
timothy.freeman@myscu.edu,)mn`f-ajmJCX,student
adam.arnold@myscu.edu,"x}9wG"">kwfvx",student
alexander.moreno@myscu.edu,sD|$%mwJ~u28,student
joshua.madden@myscu.edu,9AFT:(C4|c)l,student
andre.li@myscu.edu,kL'1/m*&g(n8,student
emily.drake@myscu.edu,"]M#""ld;V(YZ*",student
renee.rodriguez@myscu.edu,I~w8jMWW]<|W,student
cole.hernandez@myscu.edu,[Vs)ShsI~2Qg,student
james.fox@myscu.edu,=-!v8wnPtKhPH,student
lisa.adams@myscu.edu,`EaY'T`u|k{l,student
randy.watson@myscu.edu,JXGb_.SgHt2#,student
richard.cunningham@myscu.edu,TqrF'.>N|kVS,student
veronica.perez@myscu.edu,"yJa>I]|,57Kx",student
gabriella.abbott@myscu.edu,qJ2|a8b:YXgB,student
desiree.garrison@myscu.edu,"n)1mZ9@{eV,-",student
katherine.davis@myscu.edu,es<kc2J:YseJ,student
nicholas.tran@myscu.edu,}9D:3{9q'(x.,student
brian.smith@myscu.edu,F-S/gdsh4*mW,student
george.porter@myscu.edu,\s158*pee%Vu,student
ryan.mueller@myscu.edu,r`q>ENI&E23Q,student
ariel.hodge@myscu.edu,J;iF66@k&rll,student
cody.rice@myscu.edu,tC_b)|KR)ZEC,student
brad.lewis@myscu.edu,3Qt:/Vp\db35,student
miranda.clay@myscu.edu,"j<aizat>AJ*""",student
thomas.williams@myscu.edu,g*Z!$Ei8y7f$,student
charles.frost@myscu.edu,7N[uzD](F5Bu,student
rachel.elliott@myscu.edu,x0KJdqFh94BR,student
antonio.mcfarland@myscu.edu,"wi.(?x6);""@/",student
leonard.ali@myscu.edu,Mk16@cBIzwKZ,student
brenda.goodwin@myscu.edu,&&WP)]Y9-!_m,student
jennifer.sanders@myscu.edu,pfhjgefU'{oN,student
chase.martin@myscu.edu,3|(OF4GiqsV^,student
john.davenport@myscu.edu,}\q2`-?^vp'V,student
paul.mosley@myscu.edu,@$eh5k$zQOiT,student
martin.campos@myscu.edu,"Wvg[4{?%&ye""",student
donald.hinton@myscu.edu,{w#/~j5=5%-&,student
jennifer.mason@myscu.edu,(FnN:EO['DJ3,student
terri.brown@myscu.edu,"R7N}+s""@""R{n",student
samuel.roberson@myscu.edu,"cr]3VD""@L]}s",student
matthew.mack@myscu.edu,L2)=6|-:Q:?~,student
stephanie.sanders@myscu.edu,EB7cE_(#-YJ;,student
kim.johnson@myscu.edu,O_C:zMR)p3V;,student
joshua.riddle@myscu.edu,[wf-Apsl`bR:,student
tracy.kelly@myscu.edu,Do/hhqw+lc`S,student
shelley.reynolds@myscu.edu,MQ$HPyT8X0iZ,student
erin.guerrero@myscu.edu,hJh$=PDo#1L|,student
christopher.montgomery@myscu.edu,ZhiY\XEm'&]V,student
lauren.marquez@myscu.edu,")b}iI,=zRfr>",student
christopher.moore@myscu.edu,",^UAW$P]4j8$",student
jennifer.walters@myscu.edu,Z[GuGKpt;xYf,student
jodi.stewart@myscu.edu,+.\+jwK#<aU$,student
daniel.smith@myscu.edu,\os(_5UN$gC$,student
kyle.ward@myscu.edu,2oXF5Sld`MQ],student
joseph.anderson@myscu.edu,\?qu6!U~Odl-,student
jacob.cole@myscu.edu,wR5asr$gk-p!,student
angela.russell@myscu.edu,8f?r]=.wXYoP,student