Email_address,First_name,Last_name,Course_ids
lindsay.blair@myscu.edu,Lindsay,Blair,
amanda.dudley@myscu.edu,Amanda,Dudley,DATA202
nicholas.arnold@myscu.edu,Nicholas,Arnold,"DATA204,DATA215,DATA211"
maria.montgomery@myscu.edu,Maria,Montgomery,"DATA204,DATA203,DATA208"
michelle.ray@myscu.edu,Michelle,Ray,"DATA216,DATA218"
janet.williams@myscu.edu,Janet,Williams,"DATA204,DATA207,DATA202,DATA205"
jeremy.roberts@myscu.edu,Jeremy,Roberts,"DATA202,DATA218"
christopher.hall@myscu.edu,Christopher,Hall,DATA215
craig.ramirez@myscu.edu,Craig,Ramirez,DATA216
cynthia.diaz@myscu.edu,Cynthia,Diaz,"DATA202,DATA206,DATA204,DATA205"
mitchell.clark@myscu.edu,tt,Clark,"DATA218,DATA207,DATA213,DATA216"
joseph.zuniga@myscu.edu,Joseph,Zuniga,"DATA205,DATA218,DATA206"
deborah.lynch@myscu.edu,Deborah,Lynch,DATA207
george.daniel@myscu.edu,George,Daniel,"DATA213,DATA206,DATA212,DATA219"
frank.gray@myscu.edu,Frank,Gray,"DATA211,DATA209,DATA204,DATA212"
veronica.bowman@myscu.edu,Veronica,Bowman,"DATA207,DATA213,DATA218,DATA209,DATA208"
angela.cohen@myscu.edu,Angela,Cohen,"DATA208,DATA219"
megan.parsons@myscu.edu,Megan,Parsons,DATA213
jeremy.johnson@myscu.edu,Jeremy,Johnson,"DATA208,DATA215"
leslie.adams@myscu.edu,Leslie,Adams,DATA213
jason.hahn@myscu.edu,Jason,Hahn,"DATA218,DATA206,DATA208"
nancy.edwards@myscu.edu,Nancy,Edwards,DATA218
diana.foster@myscu.edu,Diana,Foster,"DATA212,DATA218"
robin.ellis@myscu.edu,Robin,Ellis,
joseph.wright@myscu.edu,Joseph,Wright,"DATA206,DATA204,DATA204,DATA208"
anna.baker@myscu.edu,Anna,Baker,DATA211
brenda.hurst@myscu.edu,Brenda,Hurst,"DATA212,DATA207"
reginald.robinson@myscu.edu,Reginald,Robinson,DATA214
whitney.hicks@myscu.edu,Whitney,Hicks,DATA219
christopher.williams@myscu.edu,Christopher,Williams,"DATA207,DATA204,DATA206,DATA208,DATA213,DATA218,DATA202"
daniel.burton@myscu.edu,Daniel,Burton,DATA204
laura.henderson@myscu.edu,Laura,Henderson,"DATA215,DATA206,DATA203,DATA219"
bryan.james@myscu.edu,Bryan,James,"DATA219,DATA203,DATA206"
wendy.rice@myscu.edu,Wendy,Rice,"DATA216,DATA204,DATA219,DATA203"
tasha.valencia@myscu.edu,Tasha,Valencia,DATA213
alexander.le@myscu.edu,Alexander,Le,"DATA205,DATA216,DATA208,DATA214"
erin.herrera@myscu.edu,Erin,Herrera,"DATA207,DATA204"
joseph.davidson@myscu.edu,Joseph,Davidson,"DATA219,DATA212"
daniel.graham@myscu.edu,Daniel,Graham,"DATA216,DATA206,DATA207"
shawn.mckay@myscu.edu,Shawn,Mckay,"DATA209,DATA215,DATA208,DATA213"
nancy.baker@myscu.edu,Nancy,Baker,DATA215
vincent.white@myscu.edu,Vincent,White,"DATA202,DATA213"
rita.harrell@myscu.edu,Rita,Harrell,"DATA213,DATA205,DATA218"
kenneth.fowler@myscu.edu,Kenneth,Fowler,"DATA219,DATA216,DATA209,DATA206"
chelsea.hernandez@myscu.edu,Chelsea,Hernandez,"DATA203,DATA209,DATA204"
kathryn.ryan@myscu.edu,Kathryn,Ryan,"DATA213,DATA208,DATA205"
kimberly.moreno@myscu.edu,Kimberly,Moreno,"DATA202,DATA215,DATA216"
aaron.nguyen@myscu.edu,Aaron,Nguyen,
andrew.hickman@myscu.edu,Andrew,Hickman,"DATA202,DATA214,DATA211,DATA209,DATA207"
natasha.decker@myscu.edu,Natasha,Decker,"DATA204,DATA206,DATA208,DATA215"
kyle.brown@myscu.edu,Kyle,Brown,"DATA208,DATA205,DATA215"
natalie.arroyo@myscu.edu,Natalie,Arroyo,"DATA211,DATA214"
christopher.tucker@myscu.edu,Christopher,Tucker,DATA208
chad.hodges@myscu.edu,Chad,Hodges,"DATA212,DATA215"
katie.anderson@myscu.edu,Katie,Anderson,"DATA208,DATA207,DATA216,DATA202,DATA204"
thomas.pierce@myscu.edu,Thomas,Pierce,"DATA214,DATA203"
joseph.brennan@myscu.edu,Joseph,Brennan,"DATA211,DATA216"
rodney.lewis@myscu.edu,Rodney,Lewis,"DATA209,DATA203,DATA208"
amber.blair@myscu.edu,Amber,Blair,"DATA209,DATA212,DATA202"
james.collins@myscu.edu,James,Collins,"DATA219,DATA203,DATA207,DATA209,DATA208"
wanda.santos@myscu.edu,Wanda,Santos,
samuel.holmes@myscu.edu,Samuel,Holmes,"DATA209,DATA218,DATA216,DATA205,DATA215"
david.walker@myscu.edu,David,Walker,"DATA215,DATA204,DATA219"
matthew.chapman@myscu.edu,Matthew,Chapman,"DATA216,DATA213,DATA218"
jerry.robinson@myscu.edu,Jerry,Robinson,"DATA215,DATA206,DATA205,DATA203"
chad.welch@myscu.edu,Chad,Welch,"DATA212,DATA213,DATA208"
jeremy.whitehead@myscu.edu,Jeremy,Whitehead,"DATA218,DATA206"
michele.jones@myscu.edu,Michele,Jones,"DATA219,DATA218,DATA211"
john.caldwell@myscu.edu,John,Caldwell,DATA219
jason.anderson@myscu.edu,Jason,Anderson,"DATA219,DATA215,DATA206,DATA207"
selena.duncan@myscu.edu,Selena,Duncan,DATA218
thomas.mueller@myscu.edu,Thomas,Mueller,"DATA204,DATA215,DATA207"
lindsey.lee@myscu.edu,Lindsey,Lee,"DATA215,DATA207,DATA213"
collin.jordan@myscu.edu,Collin,Jordan,"DATA202,DATA203,DATA204"
rodney.owens@myscu.edu,Rodney,Owens,"DATA202,DATA213"
jessica.nunez@myscu.edu,Jessica,Nunez,DATA215
tracey.garcia@myscu.edu,Tracey,Garcia,DATA214
richard.morgan@myscu.edu,Richard,Morgan,"DATA202,DATA203"
michelle.wright@myscu.edu,Michelle,Wright,"DATA216,DATA214,DATA204,DATA207,DATA206"
james.west@myscu.edu,James,West,"DATA219,DATA211"
robert.ramirez@myscu.edu,Robert,Ramirez,DATA202
john.leblanc@myscu.edu,John,Leblanc,DATA208
scott.callahan@myscu.edu,Scott,Callahan,"DATA208,DATA218"
andrea.williams@myscu.edu,Andrea,Williams,"DATA208,DATA203,DATA214"
yvette.huff@myscu.edu,Yvette,Huff,"DATA209,DATA202"
tanya.house@myscu.edu,Tanya,House,"DATA219,DATA207,DATA203"
melinda.martin@myscu.edu,Melinda,Martin,DATA216
todd.lewis@myscu.edu,Todd,Lewis,"DATA207,DATA219"
richard.brown@myscu.edu,Richard,Brown,
nicholas.galloway@myscu.edu,Nicholas,Galloway,"DATA208,DATA205"
joseph.bowers@myscu.edu,Joseph,Bowers,DATA207
spencer.henderson@myscu.edu,Spencer,Henderson,"DATA218,DATA206,DATA213"
susan.cowan@myscu.edu,Susan,Cowan,DATA206
angela.higgins@myscu.edu,Angela,Higgins,DATA211
eric.phillips@myscu.edu,Eric,Phillips,"DATA209,DATA218,DATA207,DATA208"
tanya.riley@myscu.edu,Tanya,Riley,"DATA206,DATA211,DATA219,DATA214"
amy.adkins@myscu.edu,Amy,Adkins,"DATA205,DATA203,DATA218"
brian.silva@myscu.edu,Brian,Silva,"DATA216,DATA206,DATA205"
wesley.farrell@myscu.edu,Wesley,Farrell,"DATA213,DATA207"
eric.yu@myscu.edu,Eric,Yu,DATA208
christopher.lopez@myscu.edu,Christopher,Lopez,"DATA208,DATA206"
brooke.leonard@myscu.edu,Brooke,Leonard,"DATA219,DATA206"
joe.wilson@myscu.edu,Joe,Wilson,"DATA213,DATA209"
pamela.sanchez@myscu.edu,Pamela,Sanchez,"DATA206,DATA214,DATA207"
brooke.harvey@myscu.edu,Brooke,Harvey,"DATA219,DATA204,DATA203,DATA206"
robert.silva@myscu.edu,Robert,Silva,"DATA204,DATA209,DATA213"
alexandra.donovan@myscu.edu,Alexandra,Donovan,"DATA209,DATA202"
james.moran@myscu.edu,James,Moran,"DATA206,DATA215"
john.foster@myscu.edu,John,Foster,"DATA211,DATA205"
emily.evans@myscu.edu,Emily,Evans,
leslie.walton@myscu.edu,Leslie,Walton,"DATA205,DATA213,DATA203,DATA202"
charles.ellis@myscu.edu,Charles,Ellis,DATA206
yolanda.ferrell@myscu.edu,Yolanda,Ferrell,DATA206
charles.lewis@myscu.edu,Charles,Lewis,"DATA214,DATA213"
joseph.mahoney@myscu.edu,Joseph,Mahoney,DATA218
nicole.suarez@myscu.edu,Nicole,Suarez,"DATA216,DATA207,DATA205,DATA208"
mike.moore@myscu.edu,Mike,Moore,"DATA205,DATA216,DATA214"
martha.warner@myscu.edu,Martha,Warner,"DATA203,DATA219"
cheryl.archer@myscu.edu,Cheryl,Archer,"DATA209,DATA218,DATA206,DATA214,DATA213"
destiny.smith@myscu.edu,Destiny,Smith,"DATA207,DATA219"
lisa.evans@myscu.edu,Lisa,Evans,"DATA206,DATA208,DATA219"
elizabeth.mcmillan@myscu.edu,Elizabeth,Mcmillan,"DATA219,DATA206,DATA212"
dennis.wilson@myscu.edu,Dennis,Wilson,DATA212
daniel.tran@myscu.edu,Daniel,Tran,"DATA205,DATA202,DATA218,DATA203"
joseph.jacobs@myscu.edu,Joseph,Jacobs,DATA215
jennifer.harris@myscu.edu,Jennifer,Harris,DATA211
cynthia.baker@myscu.edu,Cynthia,Baker,DATA207
tracy.whitehead@myscu.edu,Tracy,Whitehead,"DATA212,DATA215,DATA204"
meghan.davis@myscu.edu,Meghan,Davis,"DATA215,DATA205,DATA207,DATA204"
rodney.hill@myscu.edu,Rodney,Hill,DATA208
adam.wise@myscu.edu,Adam,Wise,"DATA218,DATA219,DATA202,DATA207"
dana.green@myscu.edu,Dana,Green,"DATA214,DATA202,DATA216"
joyce.arnold@myscu.edu,Joyce,Arnold,"DATA202,DATA208,DATA218"
ronald.smith@myscu.edu,Ronald,Smith,"DATA204,DATA205,DATA213"
charles.ware@myscu.edu,Charles,Ware,"DATA204,DATA206,DATA207"
rebecca.gardner@myscu.edu,Rebecca,Gardner,DATA208
mary.aguilar@myscu.edu,Mary,Aguilar,"DATA219,DATA204,DATA214,DATA202,DATA213"
earl.anderson@myscu.edu,Earl,Anderson,"DATA202,DATA214,DATA205"
kyle.nolan@myscu.edu,Kyle,Nolan,DATA208
laura.valencia@myscu.edu,Laura,Valencia,DATA203
rachel.clark@myscu.edu,Rachel,Clark,DATA212
john.garcia@myscu.edu,John,Garcia,
kimberly.henson@myscu.edu,Kimberly,Henson,DATA212
richard.oliver@myscu.edu,Richard,Oliver,
eric.spears@myscu.edu,Eric,Spears,DATA202
michelle.cherry@myscu.edu,Michelle,Cherry,"DATA206,DATA205,DATA218"
lisa.keith@myscu.edu,Lisa,Keith,DATA208
angel.doyle@myscu.edu,Angel,Doyle,DATA215
martin.galvan@myscu.edu,Martin,Galvan,"DATA214,DATA215"
leah.shields@myscu.edu,Leah,Shields,
lisa.adams@myscu.edu,Lisa,Adams,"DATA218,DATA211,DATA209"
kristin.rodriguez@myscu.edu,Kristin,Rodriguez,"DATA208,DATA204,DATA211"
monica.garrison@myscu.edu,Monica,Garrison,"DATA216,DATA203,DATA209"
jeffrey.velasquez@myscu.edu,Jeffrey,Velasquez,"DATA218,DATA208,DATA205"
steven.torres@myscu.edu,Steven,Torres,DATA213
laura.perez@myscu.edu,Laura,Perez,"DATA206,DATA204,DATA218,DATA215"
andrew.lee@myscu.edu,Andrew,Lee,"DATA208,DATA215,DATA216"
mark.lin@myscu.edu,Mark,Lin,
tammy.ramirez@myscu.edu,Tammy,Ramirez,"DATA213,DATA205"
darlene.ross@myscu.edu,Darlene,Ross,"DATA215,DATA216"
tina.herrera@myscu.edu,Tina,Herrera,"DATA219,DATA212,DATA215"
sheila.wilson@myscu.edu,Sheila,Wilson,DATA203
tara.white@myscu.edu,Tara,White,"DATA215,DATA213,DATA214"
sydney.baker@myscu.edu,Sydney,Baker,"DATA213,DATA208,DATA207"
daniel.hamilton@myscu.edu,Daniel,Hamilton,"DATA212,DATA211,DATA202"
jessica.edwards@myscu.edu,Jessica,Edwards,"DATA216,DATA208"
catherine.dixon@myscu.edu,Catherine,Dixon,"DATA203,DATA204,DATA212,DATA218"
paul.ray@myscu.edu,Paul,Ray,"DATA204,DATA213"
jonathan.fletcher@myscu.edu,Jonathan,Fletcher,"DATA205,DATA208"
aaron.frost@myscu.edu,Aaron,Frost,"DATA203,DATA207,DATA211"
amanda.ball@myscu.edu,Amanda,Ball,"DATA211,DATA209,DATA205"
judy.lambert@myscu.edu,Judy,Lambert,"DATA212,DATA218"
michael.jones@myscu.edu,Michael,Jones,"DATA213,DATA206"
elizabeth.rivera@myscu.edu,Elizabeth,Rivera,"DATA202,DATA213"
lee.charles@myscu.edu,Lee,Charles,"DATA208,DATA219,DATA214,DATA211"
jennifer.evans@myscu.edu,Jennifer,Evans,DATA203
kyle.ortiz@myscu.edu,Kyle,Ortiz,"DATA216,DATA205,DATA204,DATA202"
richard.phillips@myscu.edu,Richard,Phillips,
david.fisher@myscu.edu,David,Fisher,"DATA208,DATA203"
shelby.byrd@myscu.edu,Shelby,Byrd,"DATA204,DATA208,DATA216,DATA203"
raven.gilbert@myscu.edu,Raven,Gilbert,"DATA203,DATA216,DATA208"
kevin.kelley@myscu.edu,Kevin,Kelley,DATA213
aaron.mitchell@myscu.edu,Aaron,Mitchell,"DATA206,DATA215,DATA207,DATA216"
russell.carpenter@myscu.edu,Russell,Carpenter,DATA212
diana.marshall@myscu.edu,Diana,Marshall,"DATA218,DATA216"
scott.lewis@myscu.edu,Scott,Lewis,
thomas.santana@myscu.edu,Thomas,Santana,"DATA208,DATA207,DATA204"
laura.jackson@myscu.edu,Laura,Jackson,DATA203
christopher.robertson@myscu.edu,Christopher,Robertson,DATA212
cynthia.rogers@myscu.edu,Cynthia,Rogers,"DATA219,DATA209,DATA205,DATA216"
loretta.potter@myscu.edu,Loretta,Potter,"DATA208,DATA209,DATA205"
emily.walker@myscu.edu,Emily,Walker,"DATA209,DATA213"
james.johnson@myscu.edu,James,Johnson,"DATA213,DATA211"
john.alvarez@myscu.edu,John,Alvarez,"DATA207,DATA213,DATA206,DATA203,DATA209"
melissa.jones@myscu.edu,Melissa,Jones,"DATA207,DATA202,DATA214"
robert.soto@myscu.edu,Robert,Soto,DATA207
james.horton@myscu.edu,James,Horton,"DATA219,DATA209,DATA212,DATA205"
troy.sanchez@myscu.edu,Troy,Sanchez,"DATA219,DATA211,DATA209"
diana.smith@myscu.edu,Diana,Smith,DATA218
karen.carrillo@myscu.edu,Karen,Carrillo,"DATA208,DATA212"
daniel.coleman@myscu.edu,Daniel,Coleman,DATA211
gregory.rubio@myscu.edu,Gregory,Rubio,"DATA211,DATA205"
april.williams@myscu.edu,April,Williams,"DATA207,DATA206"
john.charles@myscu.edu,John,Charles,DATA204
stephen.solis@myscu.edu,Stephen,Solis,"DATA212,DATA209,DATA213"
elizabeth.travis@myscu.edu,Elizabeth,Travis,"DATA209,DATA216"
caitlin.dodson@myscu.edu,Caitlin,Dodson,"DATA218,DATA216,DATA219,DATA207"
patricia.salazar@myscu.edu,Patricia,Salazar,
jennifer.wagner@myscu.edu,Jennifer,Wagner,DATA207
maria.kelley@myscu.edu,Maria,Kelley,"DATA205,DATA216,DATA208"
phyllis.manning@myscu.edu,Phyllis,Manning,"DATA212,DATA214"
thomas.green@myscu.edu,Thomas,Green,"DATA206,DATA219,DATA209"
john.walsh@myscu.edu,John,Walsh,
katie.boyd@myscu.edu,Katie,Boyd,"DATA219,DATA207,DATA206"
courtney.hill@myscu.edu,Courtney,Hill,DATA206
chris.mitchell@myscu.edu,Chris,Mitchell,"DATA205,DATA206,DATA216"
joseph.flores@myscu.edu,Joseph,Flores,"DATA202,DATA218"
amber.taylor@myscu.edu,Amber,Taylor,DATA218
jesse.benson@myscu.edu,Jesse,Benson,"DATA219,DATA207,DATA204,DATA203"
jasmine.brown@myscu.edu,Jasmine,Brown,DATA208
rick.daniels@myscu.edu,Rick,Daniels,DATA215
robert.clark@myscu.edu,Robert,Clark,"DATA203,DATA214,DATA216,DATA219"
robert.stein@myscu.edu,Robert,Stein,"DATA203,DATA206,DATA207,DATA202"
brandy.dominguez@myscu.edu,Brandy,Dominguez,"DATA207,DATA215"
melissa.cannon@myscu.edu,Melissa,Cannon,"DATA213,DATA204"
omar.smith@myscu.edu,Omar,Smith,DATA207
michael.molina@myscu.edu,Michael,Molina,"DATA207,DATA202,DATA218"
melissa.ashley@myscu.edu,Melissa,Ashley,"DATA214,DATA216,DATA215,DATA212"
robert.adkins@myscu.edu,Robert,Adkins,DATA219
amy.morrison@myscu.edu,Amy,Morrison,"DATA205,DATA216,DATA213"
jeffrey.robinson@myscu.edu,Jeffrey,Robinson,"DATA205,DATA219,DATA206"
ryan.johnson@myscu.edu,Ryan,Johnson,DATA207
matthew.shelton@myscu.edu,Matthew,Shelton,DATA208
richard.martin@myscu.edu,Richard,Martin,"DATA203,DATA213,DATA219"
tanner.anderson@myscu.edu,Tanner,Anderson,"DATA204,DATA216,DATA207"
cindy.johnson@myscu.edu,Cindy,Johnson,"DATA207,DATA215,DATA218"
phillip.elliott@myscu.edu,Phillip,Elliott,"DATA209,DATA203"
anthony.day@myscu.edu,Anthony,Day,"DATA213,DATA206,DATA212"
derek.murray@myscu.edu,Derek,Murray,"DATA218,DATA219,DATA211"
brent.gray@myscu.edu,Brent,Gray,DATA219
jason.murphy@myscu.edu,Jason,Murphy,DATA212
kathleen.gray@myscu.edu,Kathleen,Gray,"DATA214,DATA219,DATA202"
karen.decker@myscu.edu,Karen,Decker,DATA206
johnny.miller@myscu.edu,Johnny,Miller,"DATA207,DATA218,DATA209,DATA203,DATA219"
andrew.ryan@myscu.edu,Andrew,Ryan,"DATA203,DATA207"
zoe.bell@myscu.edu,Zoe,Bell,"DATA202,DATA216,DATA215"
debra.harrington@myscu.edu,Debra,Harrington,DATA213
denise.webster@myscu.edu,Denise,Webster,"DATA214,DATA204,DATA213,DATA206,DATA205"
stefanie.gonzalez@myscu.edu,Stefanie,Gonzalez,"DATA214,DATA206"
andrew.hernandez@myscu.edu,Andrew,Hernandez,"DATA204,DATA219,DATA216,DATA202"
david.caldwell@myscu.edu,David,Caldwell,"DATA212,DATA214"
anne.robinson@myscu.edu,Anne,Robinson,DATA219
holly.wang@myscu.edu,Holly,Wang,"DATA212,DATA202,DATA219,DATA208"
gary.lawson@myscu.edu,Gary,Lawson,
julie.wilson@myscu.edu,Julie,Wilson,"DATA204,DATA216"
lori.oconnell@myscu.edu,Lori,Oconnell,"DATA208,DATA213,DATA211"
daniel.johnson@myscu.edu,Daniel,Johnson,"DATA206,DATA207,DATA215"
larry.byrd@myscu.edu,Larry,Byrd,"DATA215,DATA213,DATA219"
susan.sanders@myscu.edu,Susan,Sanders,"DATA213,DATA203,DATA219,DATA204"
jennifer.jones@myscu.edu,Jennifer,Jones,DATA216
hannah.burton@myscu.edu,Hannah,Burton,
curtis.barton@myscu.edu,Curtis,Barton,
melissa.burke@myscu.edu,Melissa,Burke,"DATA206,DATA211,DATA212"
david.riggs@myscu.edu,David,Riggs,"DATA215,DATA202,DATA212,DATA204"
kimberly.reed@myscu.edu,Kimberly,Reed,"DATA216,DATA202,DATA206"
ross.wood@myscu.edu,Ross,Wood,DATA219
william.peterson@myscu.edu,William,Peterson,"DATA212,DATA206"
melissa.short@myscu.edu,Melissa,Short,"DATA214,DATA211"
daniel.yu@myscu.edu,Daniel,Yu,DATA219
cynthia.poole@myscu.edu,Cynthia,Poole,"DATA206,DATA216,DATA205"
jasmine.graham@myscu.edu,Jasmine,Graham,"DATA211,DATA218,DATA203,DATA215"
jessica.sheppard@myscu.edu,Jessica,Sheppard,"DATA204,DATA213"
joseph.morton@myscu.edu,Joseph,Morton,"DATA202,DATA206,DATA216,DATA208,DATA209"
amanda.webb@myscu.edu,Amanda,Webb,DATA219
ryan.simon@myscu.edu,Ryan,Simon,DATA212
joseph.christian@myscu.edu,Joseph,Christian,"DATA205,DATA209"
mariah.miller@myscu.edu,Mariah,Miller,"DATA212,DATA216,DATA214,DATA206"
nicole.sanchez@myscu.edu,Nicole,Sanchez,"DATA206,DATA209,DATA207"
steven.bishop@myscu.edu,Steven,Bishop,"DATA206,DATA216,DATA204"
nicholas.johnson@myscu.edu,Nicholas,Johnson,"DATA206,DATA207,DATA203,DATA216,DATA218"
melissa.white@myscu.edu,Melissa,White,"DATA211,DATA219,DATA203"
jason.salinas@myscu.edu,Jason,Salinas,DATA212
matthew.beard@myscu.edu,Matthew,Beard,DATA208
jacqueline.hill@myscu.edu,Jacqueline,Hill,"DATA207,DATA214"
alejandro.vaughan@myscu.edu,Alejandro,Vaughan,"DATA209,DATA216,DATA211,DATA202"
christopher.cortez@myscu.edu,Christopher,Cortez,"DATA207,DATA209,DATA218"
tracy.chang@myscu.edu,Tracy,Chang,DATA212
hannah.brewer@myscu.edu,Hannah,Brewer,"DATA219,DATA208,DATA218,DATA205"
travis.mcguire@myscu.edu,Travis,Mcguire,"DATA215,DATA219,DATA218,DATA213"
christopher.walker@myscu.edu,Christopher,Walker,"DATA218,DATA212,DATA209,DATA214"
heather.torres@myscu.edu,Heather,Torres,DATA218
bonnie.kennedy@myscu.edu,Bonnie,Kennedy,"DATA207,DATA209,DATA204,DATA211"
alyssa.coleman@myscu.edu,Alyssa,Coleman,"DATA202,DATA212,DATA218,DATA207,DATA204"
julie.rivera@myscu.edu,Julie,Rivera,"DATA214,DATA218,DATA203"
jacqueline.nelson@myscu.edu,Jacqueline,Nelson,DATA216
john.martinez@myscu.edu,John,Martinez,"DATA212,DATA218,DATA206"
james.wilson@myscu.edu,James,Wilson,"DATA218,DATA206"
amanda.gill@myscu.edu,Amanda,Gill,DATA211
jacob.robinson@myscu.edu,Jacob,Robinson,"DATA211,DATA207"
todd.hardy@myscu.edu,Todd,Hardy,"DATA212,DATA204,DATA213"
tiffany.warren@myscu.edu,Tiffany,Warren,DATA218
justin.garcia@myscu.edu,Justin,Garcia,"DATA215,DATA219"
james.perez@myscu.edu,James,Perez,"DATA213,DATA204,DATA212,DATA203"
harry.smith@myscu.edu,Harry,Smith,"DATA214,DATA213"
amanda.hill@myscu.edu,Amanda,Hill,"DATA213,DATA206"
terri.tran@myscu.edu,Terri,Tran,"DATA202,DATA207"
heidi.martinez@myscu.edu,Heidi,Martinez,"DATA213,DATA219,DATA207,DATA211"
miranda.henry@myscu.edu,Miranda,Henry,"DATA208,DATA216"
monique.andrews@myscu.edu,Monique,Andrews,DATA211
taylor.alexander@myscu.edu,Taylor,Alexander,DATA207
jack.williams@myscu.edu,Jack,Williams,"DATA208,DATA211"
shelley.woods@myscu.edu,Shelley,Woods,"DATA211,DATA203,DATA204,DATA213"
lynn.morales@myscu.edu,Lynn,Morales,DATA208
charles.soto@myscu.edu,Charles,Soto,"DATA215,DATA212"
brian.hernandez@myscu.edu,Brian,Hernandez,"DATA205,DATA211,DATA204,DATA213"
anna.torres@myscu.edu,Anna,Torres,"DATA205,DATA202"
victoria.wilson@myscu.edu,Victoria,Wilson,"DATA207,DATA218,DATA212,DATA211"
kathy.obrien@myscu.edu,Kathy,Obrien,"DATA218,DATA202,DATA206"
krystal.perez@myscu.edu,Krystal,Perez,"DATA216,DATA215,DATA213,DATA203,DATA204"
alexandra.hayes@myscu.edu,Alexandra,Hayes,"DATA219,DATA216"
scott.dalton@myscu.edu,Scott,Dalton,"DATA216,DATA218"
veronica.torres@myscu.edu,Veronica,Torres,DATA206
christine.lynch@myscu.edu,Christine,Lynch,"DATA206,DATA208"
jody.meza@myscu.edu,Jody,Meza,"DATA212,DATA204,DATA207"
jared.clark@myscu.edu,Jared,Clark,"DATA211,DATA209,DATA216,DATA208"
donna.moore@myscu.edu,Donna,Moore,
glenn.jones@myscu.edu,Glenn,Jones,"DATA207,DATA215"
aaron.hayes@myscu.edu,Aaron,Hayes,DATA202
brittney.carter@myscu.edu,Brittney,Carter,DATA205
jesse.mann@myscu.edu,Jesse,Mann,"DATA202,DATA213,DATA212,DATA218,DATA208,DATA215"
jacqueline.gibson@myscu.edu,Jacqueline,Gibson,DATA219
grace.bradshaw@myscu.edu,Grace,Bradshaw,
kristin.weber@myscu.edu,Kristin,Weber,"DATA216,DATA206,DATA202"
donna.peck@myscu.edu,Donna,Peck,DATA208
ronald.stephens@myscu.edu,Ronald,Stephens,"DATA202,DATA219"
deborah.kerr@myscu.edu,Deborah,Kerr,DATA216
margaret.jones@myscu.edu,Margaret,Jones,DATA208
gabriel.parker@myscu.edu,Gabriel,Parker,"DATA214,DATA216,DATA208"
kaitlyn.carroll@myscu.edu,Kaitlyn,Carroll,DATA204
keith.martinez@myscu.edu,Keith,Martinez,"DATA209,DATA219,DATA202"
haley.lyons@myscu.edu,Haley,Lyons,"DATA204,DATA214"
sherri.mason@myscu.edu,Sherri,Mason,"DATA213,DATA205,DATA216,DATA206"
troy.miller@myscu.edu,Troy,Miller,"DATA208,DATA214,DATA213,DATA204"
bill.reynolds@myscu.edu,Bill,Reynolds,"DATA205,DATA207,DATA208"
marcus.wright@myscu.edu,Marcus,Wright,"DATA207,DATA215,DATA208"
christopher.hayden@myscu.edu,Christopher,Hayden,"DATA213,DATA214,DATA209,DATA212"
mary.johnston@myscu.edu,Mary,Johnston,DATA209
stephanie.key@myscu.edu,Stephanie,Key,"DATA205,DATA204,DATA212,DATA213"
emily.adams@myscu.edu,Emily,Adams,"DATA216,DATA219"
billy.avila@myscu.edu,Billy,Avila,"DATA202,DATA211"
thomas.pearson@myscu.edu,Thomas,Pearson,DATA207
sabrina.white@myscu.edu,Sabrina,White,"DATA202,DATA215,DATA218,DATA212"
brenda.walters@myscu.edu,Brenda,Walters,DATA219
travis.davis@myscu.edu,Travis,Davis,DATA218
michael.cook@myscu.edu,Michael,Cook,"DATA218,DATA202,DATA208,DATA212"
elizabeth.hodge@myscu.edu,Elizabeth,Hodge,"DATA205,DATA208,DATA202,DATA206"
mark.steele@myscu.edu,Mark,Steele,"DATA209,DATA206"
keith.landry@myscu.edu,Keith,Landry,"DATA207,DATA202,DATA204"
lisa.pierce@myscu.edu,Lisa,Pierce,"DATA215,DATA211,DATA205"
shawn.edwards@myscu.edu,Shawn,Edwards,"DATA213,DATA211"
marcus.cordova@myscu.edu,Marcus,Cordova,"DATA205,DATA203,DATA214"
richard.robertson@myscu.edu,Richard,Robertson,DATA207
vanessa.sandoval@myscu.edu,Vanessa,Sandoval,"DATA206,DATA205"
amy.gutierrez@myscu.edu,Amy,Gutierrez,DATA206
jacob.cox@myscu.edu,Jacob,Cox,DATA219
katherine.garrett@myscu.edu,Katherine,Garrett,"DATA202,DATA205,DATA212,DATA203"
kathleen.harris@myscu.edu,Kathleen,Harris,"DATA202,DATA213"
andrea.pennington@myscu.edu,Andrea,Pennington,"DATA203,DATA216"
samuel.wolfe@myscu.edu,Samuel,Wolfe,"DATA208,DATA204,DATA214"
david.dudley@myscu.edu,David,Dudley,"DATA205,DATA218,DATA211"
chelsea.allen@myscu.edu,Chelsea,Allen,"DATA203,DATA206,DATA218"
eric.pierce@myscu.edu,Eric,Pierce,"DATA203,DATA202,DATA209"
andrea.davis@myscu.edu,Andrea,Davis,"DATA214,DATA208,DATA218"
victoria.durham@myscu.edu,Victoria,Durham,
steven.wilson@myscu.edu,Steven,Wilson,"DATA211,DATA218"
marilyn.jimenez@myscu.edu,Marilyn,Jimenez,"DATA205,DATA204"
jennifer.hicks@myscu.edu,Jennifer,Hicks,"DATA204,DATA209,DATA216"
joshua.davenport@myscu.edu,Joshua,Davenport,
tina.sanchez@myscu.edu,Tina,Sanchez,"DATA205,DATA208,DATA209"
andrea.reyes@myscu.edu,Andrea,Reyes,"DATA207,DATA214"
sandra.romero@myscu.edu,Sandra,Romero,DATA208
natasha.shields@myscu.edu,Natasha,Shields,
joshua.tyler@myscu.edu,Joshua,Tyler,"DATA205,DATA215,DATA203"
robert.villa@myscu.edu,Robert,Villa,"DATA208,DATA214"
william.hoover@myscu.edu,William,Hoover,"DATA216,DATA205,DATA218"
justin.evans@myscu.edu,Justin,Evans,
brenda.duarte@myscu.edu,Brenda,Duarte,DATA216
tracy.hernandez@myscu.edu,Tracy,Hernandez,"DATA216,DATA202"
amanda.reed@myscu.edu,Amanda,Reed,"DATA218,DATA205"
andrea.daniels@myscu.edu,Andrea,Daniels,DATA212
stanley.morris@myscu.edu,Stanley,Morris,"DATA204,DATA208"
jacob.terry@myscu.edu,Jacob,Terry,"DATA205,DATA213"
ashley.hall@myscu.edu,Ashley,Hall,"DATA219,DATA214,DATA207"
kimberly.williams@myscu.edu,Kimberly,Williams,"DATA215,DATA207,DATA219"
julie.thornton@myscu.edu,Julie,Thornton,DATA204
lisa.hughes@myscu.edu,Lisa,Hughes,"DATA204,DATA205,DATA213"
elizabeth.hoover@myscu.edu,Elizabeth,Hoover,DATA207
tina.simpson@myscu.edu,Tina,Simpson,"DATA219,DATA207,DATA218"
benjamin.shaw@myscu.edu,Benjamin,Shaw,"DATA211,DATA215"
brittany.kane@myscu.edu,Brittany,Kane,"DATA218,DATA212,DATA203,DATA214"
morgan.alexander@myscu.edu,Morgan,Alexander,"DATA208,DATA212,DATA215"
alicia.bryant@myscu.edu,Alicia,Bryant,"DATA214,DATA212"
jennifer.ortiz@myscu.edu,Jennifer,Ortiz,"DATA207,DATA204,DATA211,DATA218"
diana.moore@myscu.edu,Diana,Moore,"DATA214,DATA204,DATA202"
terrance.costa@myscu.edu,Terrance,Costa,DATA205
matthew.schwartz@myscu.edu,Matthew,Schwartz,"DATA203,DATA211"
debra.christian@myscu.edu,Debra,Christian,"DATA207,DATA205,DATA202"
melissa.villarreal@myscu.edu,Melissa,Villarreal,"DATA205,DATA211"
norman.stewart@myscu.edu,Norman,Stewart,"DATA219,DATA214,DATA203,DATA208,DATA212"
jennifer.malone@myscu.edu,Jennifer,Malone,"DATA204,DATA202,DATA216,DATA205"
monique.johnson@myscu.edu,Monique,Johnson,DATA202
casey.welch@myscu.edu,Casey,Welch,"DATA212,DATA204,DATA214"
samantha.bright@myscu.edu,Samantha,Bright,"DATA204,DATA218,DATA208"
julie.hamilton@myscu.edu,Julie,Hamilton,DATA213
corey.schultz@myscu.edu,Corey,Schultz,"DATA209,DATA219"
monique.wallace@myscu.edu,Monique,Wallace,"DATA214,DATA204"
heather.berger@myscu.edu,Heather,Berger,DATA216
brandon.flynn@myscu.edu,Brandon,Flynn,"DATA215,DATA207"
kelly.brooks@myscu.edu,Kelly,Brooks,"DATA212,DATA213,DATA208,DATA216,DATA209"
dustin.schmidt@myscu.edu,Dustin,Schmidt,DATA209
ashlee.sparks@myscu.edu,Ashlee,Sparks,"DATA216,DATA202"
george.miller@myscu.edu,George,Miller,DATA212
monica.harvey@myscu.edu,Monica,Harvey,"DATA216,DATA211,DATA214"
john.durham@myscu.edu,John,Durham,"DATA214,DATA216,DATA218"
douglas.murray@myscu.edu,Douglas,Murray,DATA216
jonathan.scott@myscu.edu,Jonathan,Scott,"DATA211,DATA205,DATA207"
albert.ballard@myscu.edu,Albert,Ballard,"DATA219,DATA212,DATA214,DATA215"
rachel.byrd@myscu.edu,Rachel,Byrd,DATA218
eric.alexander@myscu.edu,Eric,Alexander,DATA212
michael.matthews@myscu.edu,Michael,Matthews,"DATA208,DATA214,DATA212,DATA202"
danielle.coleman@myscu.edu,Danielle,Coleman,"DATA216,DATA202,DATA214,DATA215"
john.bruce@myscu.edu,John,Bruce,"DATA213,DATA204"
james.cruz@myscu.edu,James,Cruz,"DATA205,DATA215,DATA204,DATA218"
timothy.young@myscu.edu,Timothy,Young,"DATA216,DATA218,DATA206,DATA215"
ashley.andrews@myscu.edu,Ashley,Andrews,"DATA215,DATA216,DATA212"
victoria.phillips@myscu.edu,Victoria,Phillips,"DATA204,DATA207"
tiffany.barrett@myscu.edu,Tiffany,Barrett,DATA208
joshua.knight@myscu.edu,Joshua,Knight,DATA206
gina.garner@myscu.edu,Gina,Garner,"DATA202,DATA212,DATA219"
brandon.obrien@myscu.edu,Brandon,Obrien,"DATA219,DATA214"
tyler.strong@myscu.edu,Tyler,Strong,DATA211
justin.lindsey@myscu.edu,Justin,Lindsey,"DATA209,DATA208"
catherine.gomez@myscu.edu,Catherine,Gomez,"DATA203,DATA205,DATA211,DATA208"
dana.oliver@myscu.edu,Dana,Oliver,"DATA219,DATA205,DATA216"
erica.le@myscu.edu,Erica,Le,"DATA213,DATA214,DATA218,DATA212"
donna.massey@myscu.edu,Donna,Massey,"DATA212,DATA204"
courtney.berger@myscu.edu,Courtney,Berger,"DATA212,DATA219,DATA209"
debbie.parker@myscu.edu,Debbie,Parker,"DATA209,DATA207"
scott.riley@myscu.edu,Scott,Riley,DATA211
jessica.davis@myscu.edu,Jessica,Davis,"DATA208,DATA212,DATA207,DATA206"
kenneth.burgess@myscu.edu,Kenneth,Burgess,"DATA218,DATA203,DATA212"
gregory.anderson@myscu.edu,Gregory,Anderson,"DATA215,DATA208"
amber.mata@myscu.edu,Amber,Mata,DATA206
alyssa.mcintyre@myscu.edu,Alyssa,Mcintyre,DATA205
maria.scott@myscu.edu,Maria,Scott,"DATA206,DATA215,DATA205"
makayla.olson@myscu.edu,Makayla,Olson,"DATA213,DATA212,DATA205"
lindsay.francis@myscu.edu,Lindsay,Francis,"DATA204,DATA205,DATA212,DATA207"
matthew.wilson@myscu.edu,Matthew,Wilson,"DATA214,DATA216,DATA211"
sydney.taylor@myscu.edu,Sydney,Taylor,DATA218
tammy.dalton@myscu.edu,Tammy,Dalton,"DATA204,DATA216"
jennifer.whitney@myscu.edu,Jennifer,Whitney,DATA209
tammy.ballard@myscu.edu,Tammy,Ballard,"DATA212,DATA211,DATA218"
michael.gibbs@myscu.edu,Michael,Gibbs,"DATA207,DATA216,DATA208,DATA212"
alexander.herrera@myscu.edu,Alexander,Herrera,"DATA204,DATA219,DATA215"
shawn.chambers@myscu.edu,Shawn,Chambers,"DATA208,DATA207"
emily.richards@myscu.edu,Emily,Richards,DATA207
lynn.bentley@myscu.edu,Lynn,Bentley,"DATA214,DATA209"
daniel.hall@myscu.edu,Daniel,Hall,"DATA208,DATA203,DATA216,DATA202,DATA219"
angel.henson@myscu.edu,Angel,Henson,"DATA215,DATA219,DATA205"
anna.herman@myscu.edu,Anna,Herman,DATA212
jeffrey.brown@myscu.edu,Jeffrey,Brown,"DATA214,DATA216"
madison.blankenship@myscu.edu,Madison,Blankenship,"DATA214,DATA218,DATA207"
kevin.ortiz@myscu.edu,Kevin,Ortiz,"DATA211,DATA202"
donald.shah@myscu.edu,Donald,Shah,"DATA206,DATA212"
kevin.vasquez@myscu.edu,Kevin,Vasquez,"DATA214,DATA202"
colton.clay@myscu.edu,Colton,Clay,"DATA204,DATA214,DATA203"
derek.chavez@myscu.edu,Derek,Chavez,"DATA213,DATA206"
ellen.paul@myscu.edu,Ellen,Paul,
sonya.barnes@myscu.edu,Sonya,Barnes,"DATA207,DATA205"
julia.moore@myscu.edu,Julia,Moore,"DATA204,DATA219,DATA206"
robert.garcia@myscu.edu,Robert,Garcia,"DATA203,DATA215,DATA216"
tracy.russell@myscu.edu,Tracy,Russell,"DATA209,DATA213"
stephanie.johnson@myscu.edu,Stephanie,Johnson,DATA211
mitchell.ramos@myscu.edu,Mitchell,Ramos,"DATA208,DATA204,DATA203,DATA209"
stephanie.foley@myscu.edu,Stephanie,Foley,DATA211
cory.jennings@myscu.edu,Cory,Jennings,DATA214
amy.levine@myscu.edu,Amy,Levine,"DATA212,DATA205,DATA214"
michael.sanders@myscu.edu,Michael,Sanders,"DATA213,DATA219,DATA216,DATA203"
james.martinez@myscu.edu,James,Martinez,"DATA202,DATA216,DATA215"
melanie.gibson@myscu.edu,Melanie,Gibson,"DATA219,DATA204,DATA215,DATA208"
elizabeth.may@myscu.edu,Elizabeth,May,"DATA209,DATA204,DATA207"
carla.smith@myscu.edu,Carla,Smith,"DATA211,DATA216,DATA212"
kristin.sanchez@myscu.edu,Kristin,Sanchez,"DATA216,DATA204"
david.cunningham@myscu.edu,David,Cunningham,DATA213
casey.hubbard@myscu.edu,Casey,Hubbard,"DATA215,DATA216"
jamie.robinson@myscu.edu,Jamie,Robinson,"DATA214,DATA219"
molly.murphy@myscu.edu,Molly,Murphy,"DATA215,DATA209,DATA205"
dylan.lester@myscu.edu,Dylan,Lester,"DATA202,DATA215"
aaron.garrison@myscu.edu,Aaron,Garrison,"DATA211,DATA216"
duane.anderson@myscu.edu,Duane,Anderson,
john.thompson@myscu.edu,John,Thompson,"DATA206,DATA213,DATA211,DATA209"
donna.johnson@myscu.edu,Donna,Johnson,"DATA209,DATA216"
alexis.tyler@myscu.edu,Alexis,Tyler,"DATA216,DATA209"
john.morris@myscu.edu,John,Morris,"DATA205,DATA203,DATA202,DATA213"
grant.williams@myscu.edu,Grant,Williams,
judy.fox@myscu.edu,Judy,Fox,DATA203
julie.alvarez@myscu.edu,Julie,Alvarez,DATA204
kimberly.palmer@myscu.edu,Kimberly,Palmer,
daniel.gordon@myscu.edu,Daniel,Gordon,"DATA208,DATA209"
sonia.williams@myscu.edu,Sonia,Williams,"DATA207,DATA218"
krista.camacho@myscu.edu,Krista,Camacho,DATA202
adrienne.ellis@myscu.edu,Adrienne,Ellis,"DATA216,DATA204"
tamara.brown@myscu.edu,Tamara,Brown,DATA206
timothy.morales@myscu.edu,Timothy,Morales,"DATA216,DATA202"
gina.henry@myscu.edu,Gina,Henry,DATA211
renee.jones@myscu.edu,Renee,Jones,DATA215
christopher.franklin@myscu.edu,Christopher,Franklin,DATA214
cameron.hill@myscu.edu,Cameron,Hill,"DATA212,DATA206,DATA213,DATA205"
cynthia.kelley@myscu.edu,Cynthia,Kelley,
mark.vang@myscu.edu,Mark,Vang,"DATA219,DATA209"
alyssa.chavez@myscu.edu,Alyssa,Chavez,"DATA214,DATA216,DATA212,DATA218,DATA215"
catherine.garcia@myscu.edu,Catherine,Garcia,"DATA211,DATA215"
jacqueline.farrell@myscu.edu,Jacqueline,Farrell,"DATA219,DATA213"
debra.mack@myscu.edu,Debra,Mack,"DATA214,DATA209,DATA213"
jennifer.lewis@myscu.edu,Jennifer,Lewis,DATA209
shannon.perez@myscu.edu,Shannon,Perez,DATA211
matthew.chavez@myscu.edu,Matthew,Chavez,"DATA205,DATA211,DATA209,DATA206"
robert.davis@myscu.edu,Robert,Davis,DATA216
ronald.ortega@myscu.edu,Ronald,Ortega,"DATA218,DATA206,DATA205,DATA203"
nicholas.hernandez@myscu.edu,Nicholas,Hernandez,"DATA203,DATA206"
sandra.jones@myscu.edu,Sandra,Jones,DATA214
marie.davis@myscu.edu,Marie,Davis,"DATA215,DATA206"
colin.rodgers@myscu.edu,Colin,Rodgers,"DATA213,DATA204,DATA209,DATA202"
lisa.hawkins@myscu.edu,Lisa,Hawkins,DATA216
brenda.hoffman@myscu.edu,Brenda,Hoffman,"DATA202,DATA216"
mark.martinez@myscu.edu,Mark,Martinez,DATA213
michael.ortega@myscu.edu,Michael,Ortega,"DATA218,DATA215,DATA205"
karen.parrish@myscu.edu,Karen,Parrish,DATA216
jennifer.schmitt@myscu.edu,Jennifer,Schmitt,"DATA202,DATA211"
caroline.bell@myscu.edu,Caroline,Bell,"DATA204,DATA215"
becky.lewis@myscu.edu,Becky,Lewis,"DATA212,DATA216,DATA202,DATA214"
diane.walker@myscu.edu,Diane,Walker,DATA205
daniel.bruce@myscu.edu,Daniel,Bruce,"DATA214,DATA215"
michael.farmer@myscu.edu,Michael,Farmer,"DATA208,DATA211"
audrey.aguirre@myscu.edu,Audrey,Aguirre,"DATA204,DATA208,DATA215,DATA212"
megan.villegas@myscu.edu,Megan,Villegas,"DATA204,DATA218"
loretta.austin@myscu.edu,Loretta,Austin,DATA206
dawn.johnson@myscu.edu,Dawn,Johnson,"DATA202,DATA204"
sarah.gallegos@myscu.edu,Sarah,Gallegos,"DATA219,DATA214,DATA212,DATA207"
joseph.white@myscu.edu,Joseph,White,DATA212
jacqueline.parker@myscu.edu,Jacqueline,Parker,"DATA208,DATA205"
matthew.smith@myscu.edu,Matthew,Smith,"DATA212,DATA203,DATA215,DATA205"
molly.knight@myscu.edu,Molly,Knight,DATA207
richard.thomas@myscu.edu,Richard,Thomas,"DATA206,DATA219,DATA214"
cynthia.johnson@myscu.edu,Cynthia,Johnson,DATA218
julie.lewis@myscu.edu,Julie,Lewis,"DATA209,DATA205,DATA219"
robert.peterson@myscu.edu,Robert,Peterson,DATA204
mitchell.griffith@myscu.edu,Mitchell,Griffith,"DATA204,DATA218,DATA206,DATA213,DATA205"
kimberly.bradley@myscu.edu,Kimberly,Bradley,DATA206
eric.williamson@myscu.edu,Eric,Williamson,"DATA218,DATA207"
emily.nelson@myscu.edu,Emily,Nelson,"DATA206,DATA204,DATA207,DATA205"
ebony.tucker@myscu.edu,Ebony,Tucker,"DATA213,DATA207,DATA218"
scott.nelson@myscu.edu,Scott,Nelson,"DATA204,DATA206,DATA209"
kari.wilson@myscu.edu,Kari,Wilson,"DATA213,DATA203"
russell.campbell@myscu.edu,Russell,Campbell,"DATA214,DATA215,DATA207"
erika.tucker@myscu.edu,Erika,Tucker,"DATA218,DATA212"
elizabeth.williams@myscu.edu,Elizabeth,Williams,"DATA208,DATA207"
randall.greene@myscu.edu,Randall,Greene,"DATA206,DATA208,DATA218,DATA215"
adrian.turner@myscu.edu,Adrian,Turner,"DATA203,DATA205,DATA214"
jason.taylor@myscu.edu,Jason,Taylor,DATA202
jonathan.murphy@myscu.edu,Jonathan,Murphy,"DATA205,DATA218"
adrian.burgess@myscu.edu,Adrian,Burgess,DATA214
gregory.james@myscu.edu,Gregory,James,DATA208
jane.mason@myscu.edu,Jane,Mason,DATA215
martha.drake@myscu.edu,Martha,Drake,"DATA202,DATA207,DATA214"
charles.hensley@myscu.edu,Charles,Hensley,"DATA207,DATA215,DATA203,DATA206,DATA219"
bobby.smith@myscu.edu,Bobby,Smith,"DATA214,DATA204,DATA218"
samantha.atkins@myscu.edu,Samantha,Atkins,"DATA205,DATA216,DATA207,DATA204"
barbara.berry@myscu.edu,Barbara,Berry,DATA215
jenna.butler@myscu.edu,Jenna,Butler,DATA203
darius.smith@myscu.edu,Darius,Smith,"DATA202,DATA211"
mark.solis@myscu.edu,Mark,Solis,"DATA214,DATA206"
christine.collier@myscu.edu,Christine,Collier,
samantha.davis@myscu.edu,Samantha,Davis,DATA219
megan.sanchez@myscu.edu,Megan,Sanchez,"DATA211,DATA215"
brianna.warren@myscu.edu,Brianna,Warren,"DATA215,DATA214,DATA216,DATA218"
randy.collins@myscu.edu,Randy,Collins,"DATA208,DATA214,DATA211,DATA206,DATA218"
matthew.cook@myscu.edu,Matthew,Cook,"DATA218,DATA211,DATA205,DATA207,DATA212"
gary.dixon@myscu.edu,Gary,Dixon,
daniel.hicks@myscu.edu,Daniel,Hicks,
rebecca.bailey@myscu.edu,Rebecca,Bailey,
jessica.fuentes@myscu.edu,Jessica,Fuentes,"DATA209,DATA207"
lisa.young@myscu.edu,Lisa,Young,"DATA216,DATA202,DATA218"
dwayne.gonzalez@myscu.edu,Dwayne,Gonzalez,DATA204
carrie.wolf@myscu.edu,Carrie,Wolf,"DATA218,DATA202,DATA211,DATA205"
diana.thompson@myscu.edu,Diana,Thompson,"DATA216,DATA218"
kendra.snyder@myscu.edu,Kendra,Snyder,DATA208
karen.wolf@myscu.edu,Karen,Wolf,DATA219
shane.glass@myscu.edu,Shane,Glass,"DATA207,DATA218"
anne.reid@myscu.edu,Anne,Reid,"DATA207,DATA218"
claudia.lin@myscu.edu,Claudia,Lin,DATA202
courtney.hernandez@myscu.edu,Courtney,Hernandez,"DATA213,DATA206,DATA215"
carlos.ramos@myscu.edu,Carlos,Ramos,"DATA215,DATA216,DATA206"
kevin.hill@myscu.edu,Kevin,Hill,DATA208
brian.romero@myscu.edu,Brian,Romero,"DATA206,DATA213,DATA215"
lance.hayes@myscu.edu,Lance,Hayes,DATA216
brian.decker@myscu.edu,Brian,Decker,"DATA209,DATA218"
chase.lin@myscu.edu,Chase,Lin,"DATA215,DATA202,DATA203,DATA204"
melissa.gilbert@myscu.edu,Melissa,Gilbert,"DATA212,DATA204,DATA218"
william.ford@myscu.edu,William,Ford,
angela.conner@myscu.edu,Angela,Conner,"DATA218,DATA205"
paula.cole@myscu.edu,Paula,Cole,DATA209
lisa.pearson@myscu.edu,Lisa,Pearson,"DATA208,DATA213,DATA214,DATA204"
marc.alvarez@myscu.edu,Marc,Alvarez,DATA203
edward.brown@myscu.edu,Edward,Brown,DATA204
dale.nolan@myscu.edu,Dale,Nolan,"DATA202,DATA203,DATA218,DATA212"
matthew.klein@myscu.edu,Matthew,Klein,"DATA207,DATA203,DATA204,DATA205"
william.thompson@myscu.edu,William,Thompson,DATA207
john.kim@myscu.edu,John,Kim,DATA207
scott.mills@myscu.edu,Scott,Mills,"DATA214,DATA204"
erik.watson@myscu.edu,Erik,Watson,"DATA204,DATA214,DATA207,DATA206"
justin.ortiz@myscu.edu,Justin,Ortiz,DATA203
matthew.harper@myscu.edu,Matthew,Harper,"DATA218,DATA206"
kristina.holland@myscu.edu,Kristina,Holland,"DATA216,DATA212,DATA206"
cameron.davis@myscu.edu,Cameron,Davis,"DATA211,DATA205,DATA214,DATA209"
erika.mitchell@myscu.edu,Erika,Mitchell,"DATA213,DATA203,DATA204,DATA209,DATA205"
jennifer.douglas@myscu.edu,Jennifer,Douglas,DATA212
rebecca.marks@myscu.edu,Rebecca,Marks,DATA213
mathew.aguilar@myscu.edu,Mathew,Aguilar,DATA218
donald.bailey@myscu.edu,Donald,Bailey,"DATA216,DATA204"
tammy.hale@myscu.edu,Tammy,Hale,DATA209
philip.larson@myscu.edu,Philip,Larson,"DATA202,DATA204,DATA218,DATA209"
sharon.collins@myscu.edu,Sharon,Collins,"DATA207,DATA204,DATA206"
nicholas.conner@myscu.edu,Nicholas,Conner,"DATA205,DATA211,DATA212"
lisa.santiago@myscu.edu,Lisa,Santiago,DATA219
maria.rodgers@myscu.edu,Maria,Rodgers,DATA215
gina.fox@myscu.edu,Gina,Fox,"DATA202,DATA218"
debbie.henderson@myscu.edu,Debbie,Henderson,"DATA211,DATA204,DATA215"
michael.cox@myscu.edu,Michael,Cox,
henry.lewis@myscu.edu,Henry,Lewis,"DATA213,DATA214"
stacey.tucker@myscu.edu,Stacey,Tucker,DATA212
jeremy.taylor@myscu.edu,Jeremy,Taylor,"DATA213,DATA208"
chris.richard@myscu.edu,Chris,Richard,"DATA204,DATA213"
craig.wise@myscu.edu,Craig,Wise,DATA213
mary.stephenson@myscu.edu,Mary,Stephenson,"DATA215,DATA211,DATA212,DATA209,DATA204"
benjamin.rogers@myscu.edu,Benjamin,Rogers,
nicholas.martin@myscu.edu,Nicholas,Martin,DATA211
marie.wise@myscu.edu,Marie,Wise,"DATA203,DATA215"
lisa.martin@myscu.edu,Lisa,Martin,DATA209
samuel.jenkins@myscu.edu,Samuel,Jenkins,"DATA207,DATA203,DATA211,DATA205"
erica.young@myscu.edu,Erica,Young,"DATA215,DATA207"
sean.mitchell@myscu.edu,Sean,Mitchell,"DATA215,DATA205"
kaitlyn.cole@myscu.edu,Kaitlyn,Cole,"DATA212,DATA219,DATA214,DATA202"
amanda.collins@myscu.edu,Amanda,Collins,"DATA218,DATA213"
lindsey.harrison@myscu.edu,Lindsey,Harrison,"DATA206,DATA207,DATA204,DATA218"
mary.richardson@myscu.edu,Mary,Richardson,"DATA212,DATA216,DATA203"
stacey.joyce@myscu.edu,Stacey,Joyce,"DATA213,DATA208"
steven.campbell@myscu.edu,Steven,Campbell,DATA207
patrick.rose@myscu.edu,Patrick,Rose,DATA209
tammy.montoya@myscu.edu,Tammy,Montoya,DATA207
laurie.taylor@myscu.edu,Laurie,Taylor,DATA219
john.davidson@myscu.edu,John,Davidson,DATA205
morgan.spencer@myscu.edu,Morgan,Spencer,
curtis.singleton@myscu.edu,Curtis,Singleton,"DATA205,DATA211,DATA212,DATA215,DATA214"
melissa.mitchell@myscu.edu,Melissa,Mitchell,"DATA219,DATA213,DATA209"
kathryn.nelson@myscu.edu,Kathryn,Nelson,"DATA202,DATA211,DATA214,DATA218"
rebecca.hernandez@myscu.edu,Rebecca,Hernandez,"DATA218,DATA209,DATA213"
samuel.potts@myscu.edu,Samuel,Potts,"DATA212,DATA207"
jeffrey.hayes@myscu.edu,Jeffrey,Hayes,"DATA202,DATA215,DATA203"
michael.johnson@myscu.edu,Michael,Johnson,"DATA203,DATA208"
brian.shaw@myscu.edu,Brian,Shaw,"DATA202,DATA213,DATA203"
joe.vang@myscu.edu,Joe,Vang,DATA202
sarah.combs@myscu.edu,Sarah,Combs,DATA204
debra.moody@myscu.edu,Debra,Moody,
devin.mitchell@myscu.edu,Devin,Mitchell,"DATA213,DATA207,DATA203"
maria.horton@myscu.edu,Maria,Horton,"DATA215,DATA212,DATA208,DATA202"
dominic.thornton@myscu.edu,Dominic,Thornton,"DATA202,DATA205,DATA213,DATA216"
shane.smith@myscu.edu,Shane,Smith,DATA204
christian.scott@myscu.edu,Christian,Scott,"DATA216,DATA203,DATA211"
mary.dunn@myscu.edu,Mary,Dunn,"DATA203,DATA204"
jessica.rose@myscu.edu,Jessica,Rose,DATA215
daniel.roberts@myscu.edu,Daniel,Roberts,"DATA205,DATA214"
kevin.williams@myscu.edu,Kevin,Williams,
robert.bauer@myscu.edu,Robert,Bauer,"DATA204,DATA216"
stephen.rodriguez@myscu.edu,Stephen,Rodriguez,DATA209
rebecca.carlson@myscu.edu,Rebecca,Carlson,"DATA211,DATA214,DATA203,DATA207"
allen.robertson@myscu.edu,Allen,Robertson,DATA211
john.thomas@myscu.edu,John,Thomas,"DATA218,DATA207,DATA202"
ruben.mendez@myscu.edu,Ruben,Mendez,DATA202
john.butler@myscu.edu,John,Butler,"DATA211,DATA216"
elizabeth.miller@myscu.edu,Elizabeth,Miller,"DATA205,DATA215,DATA209"
theresa.jones@myscu.edu,Theresa,Jones,"DATA209,DATA212"
alicia.romero@myscu.edu,Alicia,Romero,DATA203
vanessa.spencer@myscu.edu,Vanessa,Spencer,DATA203
peter.harrison@myscu.edu,Peter,Harrison,
cynthia.zavala@myscu.edu,Cynthia,Zavala,"DATA218,DATA213,DATA205,DATA211,DATA216"
jon.smith@myscu.edu,Jon,Smith,"DATA202,DATA214,DATA213"
kristina.cooper@myscu.edu,Kristina,Cooper,"DATA219,DATA208,DATA215"
jessica.fuller@myscu.edu,Jessica,Fuller,DATA219
kelsey.moss@myscu.edu,Kelsey,Moss,DATA203
marvin.williams@myscu.edu,Marvin,Williams,DATA206
amy.li@myscu.edu,Amy,Li,"DATA205,DATA212,DATA214,DATA208"
gregory.maxwell@myscu.edu,Gregory,Maxwell,"DATA212,DATA213,DATA204"
steven.dominguez@myscu.edu,Steven,Dominguez,DATA215
crystal.cain@myscu.edu,Crystal,Cain,"DATA203,DATA218,DATA202"
bryan.parsons@myscu.edu,Bryan,Parsons,"DATA208,DATA207,DATA204,DATA215"
stephen.carter@myscu.edu,Stephen,Carter,DATA218
bradley.gonzalez@myscu.edu,Bradley,Gonzalez,DATA209
bobby.mahoney@myscu.edu,Bobby,Mahoney,"DATA219,DATA212,DATA213"
zachary.hays@myscu.edu,Zachary,Hays,"DATA216,DATA203,DATA209"
amy.king@myscu.edu,Amy,King,"DATA202,DATA203"
karen.lee@myscu.edu,Karen,Lee,"DATA219,DATA218,DATA215,DATA214"
michael.norman@myscu.edu,Michael,Norman,DATA209
michelle.rivera@myscu.edu,Michelle,Rivera,DATA204
david.richardson@myscu.edu,David,Richardson,"DATA202,DATA218,DATA207"
pamela.paul@myscu.edu,Pamela,Paul,"DATA214,DATA202,DATA208"
patricia.hughes@myscu.edu,Patricia,Hughes,"DATA219,DATA207,DATA202"
terri.crawford@myscu.edu,Terri,Crawford,"DATA208,DATA205"
tyler.glass@myscu.edu,Tyler,Glass,"DATA205,DATA219,DATA216"
april.owen@myscu.edu,April,Owen,DATA216
jessica.miller@myscu.edu,Jessica,Miller,"DATA203,DATA209,DATA215,DATA212,DATA216"
carrie.short@myscu.edu,Carrie,Short,"DATA215,DATA207,DATA202,DATA206"
amy.morris@myscu.edu,Amy,Morris,"DATA219,DATA218,DATA214,DATA203"
christopher.guerrero@myscu.edu,Christopher,Guerrero,"DATA207,DATA212,DATA209"
kirk.morrison@myscu.edu,Kirk,Morrison,DATA209
ronald.norris@myscu.edu,Ronald,Norris,"DATA212,DATA203,DATA204"
michael.williams@myscu.edu,Michael,Williams,"DATA212,DATA215,DATA211,DATA202,DATA214"
molly.gomez@myscu.edu,Molly,Gomez,DATA215
whitney.hill@myscu.edu,Whitney,Hill,"DATA205,DATA218,DATA208,DATA207"
tina.gould@myscu.edu,Tina,Gould,"DATA215,DATA205"
charles.walsh@myscu.edu,Charles,Walsh,"DATA214,DATA213,DATA205"
michael.owen@myscu.edu,Michael,Owen,"DATA211,DATA216"
erin.cisneros@myscu.edu,Erin,Cisneros,"DATA216,DATA219,DATA209,DATA203,DATA214"
douglas.lawson@myscu.edu,Douglas,Lawson,DATA209
kimberly.johnson@myscu.edu,Kimberly,Johnson,DATA209
carlos.osborne@myscu.edu,Carlos,Osborne,"DATA212,DATA205,DATA213"
michael.reyes@myscu.edu,Michael,Reyes,DATA213
ashley.jacobs@myscu.edu,Ashley,Jacobs,"DATA207,DATA214"
erika.rush@myscu.edu,Erika,Rush,DATA209
nathan.hines@myscu.edu,Nathan,Hines,"DATA214,DATA205,DATA203"
audrey.moreno@myscu.edu,Audrey,Moreno,DATA206
raymond.banks@myscu.edu,Raymond,Banks,"DATA207,DATA205"
john.wilson@myscu.edu,John,Wilson,"DATA214,DATA203"
jill.porter@myscu.edu,Jill,Porter,DATA204
paul.hoffman@myscu.edu,Paul,Hoffman,"DATA204,DATA211"
jose.green@myscu.edu,Jose,Green,"DATA218,DATA216,DATA219,DATA214"
sean.davies@myscu.edu,Sean,Davies,"DATA202,DATA203"
justin.hendricks@myscu.edu,Justin,Hendricks,
travis.martinez@myscu.edu,Travis,Martinez,"DATA218,DATA216"
melissa.hayes@myscu.edu,Melissa,Hayes,"DATA203,DATA209,DATA216,DATA202"
rachel.wallace@myscu.edu,Rachel,Wallace,"DATA204,DATA212,DATA208,DATA209"
christopher.fleming@myscu.edu,Christopher,Fleming,DATA203
megan.flores@myscu.edu,Megan,Flores,"DATA214,DATA211,DATA216,DATA218"
michael.brown@myscu.edu,Michael,Brown,"DATA204,DATA218"
amber.vance@myscu.edu,Amber,Vance,"DATA204,DATA216,DATA211,DATA214"
melissa.joseph@myscu.edu,Melissa,Joseph,DATA202
sara.little@myscu.edu,Sara,Little,"DATA209,DATA205,DATA208"
laura.hicks@myscu.edu,Laura,Hicks,"DATA213,DATA215"
david.harris@myscu.edu,David,Harris,"DATA202,DATA205,DATA206"
dominic.tyler@myscu.edu,Dominic,Tyler,"DATA218,DATA202,DATA209"
anthony.spencer@myscu.edu,Anthony,Spencer,"DATA207,DATA212,DATA202,DATA218,DATA205"
miguel.lara@myscu.edu,Miguel,Lara,"DATA215,DATA218,DATA208,DATA205"
andrea.salazar@myscu.edu,Andrea,Salazar,"DATA213,DATA216,DATA204"
christopher.parker@myscu.edu,Christopher,Parker,"DATA213,DATA212,DATA218,DATA215"
yvonne.higgins@myscu.edu,Yvonne,Higgins,DATA203
alicia.hammond@myscu.edu,Alicia,Hammond,DATA218
madeline.jones@myscu.edu,Madeline,Jones,"DATA218,DATA207,DATA203"
teresa.day@myscu.edu,Teresa,Day,"DATA209,DATA202,DATA218"
shannon.frazier@myscu.edu,Shannon,Frazier,"DATA206,DATA203,DATA211,DATA213"
melvin.humphrey@myscu.edu,Melvin,Humphrey,DATA215
kimberly.bowman@myscu.edu,Kimberly,Bowman,"DATA207,DATA205"
hunter.burch@myscu.edu,Hunter,Burch,"DATA211,DATA209,DATA218"
ryan.bartlett@myscu.edu,Ryan,Bartlett,DATA205
brian.martinez@myscu.edu,Brian,Martinez,"DATA212,DATA211,DATA203,DATA214"
eric.martin@myscu.edu,Eric,Martin,"DATA206,DATA212,DATA205,DATA209"
marcus.fletcher@myscu.edu,Marcus,Fletcher,"DATA211,DATA213,DATA209,DATA212"
michael.everett@myscu.edu,Michael,Everett,"DATA202,DATA207,DATA208,DATA213"
patty.singleton@myscu.edu,Patty,Singleton,"DATA214,DATA216"
john.reid@myscu.edu,John,Reid,"DATA204,DATA202"
andrea.martinez@myscu.edu,Andrea,Martinez,"DATA208,DATA204"
kevin.ferguson@myscu.edu,Kevin,Ferguson,"DATA212,DATA203"
wayne.jackson@myscu.edu,Wayne,Jackson,DATA205
shelly.moore@myscu.edu,Shelly,Moore,"DATA215,DATA218,DATA207"
donna.le@myscu.edu,Donna,Le,"DATA214,DATA208,DATA218"
cassie.kirby@myscu.edu,Cassie,Kirby,DATA212
anne.bryan@myscu.edu,Anne,Bryan,"DATA218,DATA207,DATA208,DATA212"
anthony.williams@myscu.edu,Anthony,Williams,"DATA214,DATA216,DATA207,DATA213"
darlene.ray@myscu.edu,Darlene,Ray,"DATA204,DATA208"
debra.wang@myscu.edu,Debra,Wang,"DATA215,DATA204,DATA216"
robert.fowler@myscu.edu,Robert,Fowler,"DATA213,DATA219,DATA218,DATA202"
tyler.burton@myscu.edu,Tyler,Burton,"DATA202,DATA218"
keith.frye@myscu.edu,Keith,Frye,"DATA218,DATA202,DATA206"
timothy.ballard@myscu.edu,Timothy,Ballard,DATA205
gail.evans@myscu.edu,Gail,Evans,"DATA207,DATA211,DATA205,DATA206"
charles.brown@myscu.edu,Charles,Brown,"DATA205,DATA203,DATA207,DATA206"
scott.washington@myscu.edu,Scott,Washington,"DATA208,DATA213"
james.lawson@myscu.edu,James,Lawson,"DATA213,DATA207"
larry.higgins@myscu.edu,Larry,Higgins,DATA202
jessica.valencia@myscu.edu,Jessica,Valencia,DATA215
theresa.anderson@myscu.edu,Theresa,Anderson,"DATA203,DATA212"
mitchell.hoffman@myscu.edu,Mitchell,Hoffman,"DATA204,DATA211"
luis.owens@myscu.edu,Luis,Owens,"DATA209,DATA215"
colin.roberts@myscu.edu,Colin,Roberts,DATA207
patrick.gilbert@myscu.edu,Patrick,Gilbert,"DATA216,DATA203,DATA213"
john.grimes@myscu.edu,John,Grimes,"DATA219,DATA209"
erik.murphy@myscu.edu,Erik,Murphy,"DATA215,DATA218"
becky.edwards@myscu.edu,Becky,Edwards,"DATA208,DATA212,DATA202,DATA215"
kathryn.jimenez@myscu.edu,Kathryn,Jimenez,"DATA206,DATA202,DATA216,DATA204"
xavier.jimenez@myscu.edu,Xavier,Jimenez,"DATA205,DATA219"
kyle.johnson@myscu.edu,Kyle,Johnson,"DATA213,DATA219"
sierra.wagner@myscu.edu,Sierra,Wagner,"DATA214,DATA204"
tammy.lewis@myscu.edu,Tammy,Lewis,
troy.khan@myscu.edu,Troy,Khan,"DATA213,DATA216"
destiny.ruiz@myscu.edu,Destiny,Ruiz,DATA219
amanda.boone@myscu.edu,Amanda,Boone,DATA211
ryan.khan@myscu.edu,Ryan,Khan,"DATA205,DATA212,DATA218,DATA208"
jessica.gallagher@myscu.edu,Jessica,Gallagher,"DATA213,DATA207,DATA212"
michael.morales@myscu.edu,Michael,Morales,"DATA203,DATA214,DATA209,DATA216"
ashley.lee@myscu.edu,Ashley,Lee,"DATA215,DATA218,DATA209,DATA202"
angela.jones@myscu.edu,Angela,Jones,"DATA216,DATA218"
william.duran@myscu.edu,William,Duran,DATA206
joshua.hays@myscu.edu,Joshua,Hays,DATA206
erin.wilson@myscu.edu,Erin,Wilson,DATA204
theresa.long@myscu.edu,Theresa,Long,"DATA204,DATA205,DATA215"
laura.morgan@myscu.edu,Laura,Morgan,"DATA216,DATA207,DATA212"
sheila.fischer@myscu.edu,Sheila,Fischer,DATA208
james.hicks@myscu.edu,James,Hicks,"DATA216,DATA203,DATA202"
vincent.williams@myscu.edu,Vincent,Williams,"DATA212,DATA202,DATA213"
derrick.cook@myscu.edu,Derrick,Cook,"DATA216,DATA219"
thomas.bryant@myscu.edu,Thomas,Bryant,"DATA218,DATA212,DATA206,DATA213"
catherine.robertson@myscu.edu,Catherine,Robertson,"DATA219,DATA207,DATA213"
mark.austin@myscu.edu,Mark,Austin,"DATA219,DATA203"
francisco.ewing@myscu.edu,Francisco,Ewing,"DATA206,DATA218,DATA208,DATA211"
jodi.evans@myscu.edu,Jodi,Evans,"DATA213,DATA212,DATA215"
matthew.clayton@myscu.edu,Matthew,Clayton,
amanda.erickson@myscu.edu,Amanda,Erickson,DATA214
kevin.cabrera@myscu.edu,Kevin,Cabrera,"DATA218,DATA209,DATA204,DATA219"
micheal.nunez@myscu.edu,Micheal,Nunez,"DATA218,DATA208,DATA205"
tina.silva@myscu.edu,Tina,Silva,"DATA209,DATA212,DATA219"
laura.swanson@myscu.edu,Laura,Swanson,DATA213
hailey.johnson@myscu.edu,Hailey,Johnson,"DATA214,DATA215,DATA213"
thomas.coffey@myscu.edu,Thomas,Coffey,"DATA213,DATA208"
krista.parsons@myscu.edu,Krista,Parsons,DATA209
becky.griffith@myscu.edu,Becky,Griffith,DATA213
brandy.jackson@myscu.edu,Brandy,Jackson,"DATA215,DATA214"
cristina.harvey@myscu.edu,Cristina,Harvey,DATA213
maureen.hernandez@myscu.edu,Maureen,Hernandez,"DATA218,DATA214,DATA209,DATA207"
erin.johnson@myscu.edu,Erin,Johnson,"DATA202,DATA216"
stacy.rodriguez@myscu.edu,Stacy,Rodriguez,"DATA215,DATA213,DATA204,DATA207"
andrew.edwards@myscu.edu,Andrew,Edwards,"DATA213,DATA208,DATA212"
edward.vaughn@myscu.edu,Edward,Vaughn,"DATA214,DATA204,DATA205,DATA213"
robert.hampton@myscu.edu,Robert,Hampton,"DATA219,DATA209"
samantha.salas@myscu.edu,Samantha,Salas,DATA218
jill.brown@myscu.edu,Jill,Brown,"DATA207,DATA211"
devin.clark@myscu.edu,Devin,Clark,
mark.bates@myscu.edu,Mark,Bates,DATA218
alicia.edwards@myscu.edu,Alicia,Edwards,"DATA207,DATA205,DATA219,DATA203"
glen.barr@myscu.edu,Glen,Barr,"DATA214,DATA204"
matthew.gomez@myscu.edu,Matthew,Gomez,"DATA208,DATA205,DATA214"
kelsey.le@myscu.edu,Kelsey,Le,"DATA209,DATA215,DATA219"
dawn.steele@myscu.edu,Dawn,Steele,"DATA204,DATA202"
chelsea.lee@myscu.edu,Chelsea,Lee,"DATA207,DATA203,DATA202"
john.grant@myscu.edu,John,Grant,"DATA218,DATA208"
jeffrey.dudley@myscu.edu,Jeffrey,Dudley,DATA208
kenneth.roberts@myscu.edu,Kenneth,Roberts,DATA212
jared.bush@myscu.edu,Jared,Bush,"DATA208,DATA216"
logan.bailey@myscu.edu,Logan,Bailey,"DATA216,DATA212"
sarah.pope@myscu.edu,Sarah,Pope,"DATA216,DATA203,DATA215"
joshua.martinez@myscu.edu,Joshua,Martinez,"DATA207,DATA215,DATA219"
erica.james@myscu.edu,Erica,James,DATA206
tina.cardenas@myscu.edu,Tina,Cardenas,DATA207
stephanie.ballard@myscu.edu,Stephanie,Ballard,"DATA214,DATA218"
kelly.roberts@myscu.edu,Kelly,Roberts,"DATA207,DATA211,DATA214,DATA208"
jennifer.reed@myscu.edu,Jennifer,Reed,"DATA212,DATA204,DATA213,DATA208"
scott.scott@myscu.edu,Scott,Scott,DATA213
timothy.harris@myscu.edu,Timothy,Harris,DATA213
amanda.fitzpatrick@myscu.edu,Amanda,Fitzpatrick,DATA203
heather.taylor@myscu.edu,Heather,Taylor,DATA202
christina.matthews@myscu.edu,Christina,Matthews,"DATA208,DATA216"
john.santiago@myscu.edu,John,Santiago,"DATA207,DATA215"
amanda.little@myscu.edu,Amanda,Little,"DATA207,DATA213"
brian.gutierrez@myscu.edu,Brian,Gutierrez,"DATA213,DATA218,DATA212"
jennifer.garcia@myscu.edu,Jennifer,Garcia,"DATA214,DATA211"
kelli.smith@myscu.edu,Kelli,Smith,"DATA216,DATA211"
andrea.hickman@myscu.edu,Andrea,Hickman,"DATA209,DATA216,DATA205"
richard.donovan@myscu.edu,Richard,Donovan,"DATA219,DATA204,DATA203"
natalie.woods@myscu.edu,Natalie,Woods,"DATA207,DATA216,DATA208"
james.maynard@myscu.edu,James,Maynard,"DATA215,DATA208"
manuel.brewer@myscu.edu,Manuel,Brewer,DATA218
rebecca.davis@myscu.edu,Rebecca,Davis,"DATA206,DATA208,DATA209,DATA211"
audrey.nichols@myscu.edu,Audrey,Nichols,DATA214
jennifer.zuniga@myscu.edu,Jennifer,Zuniga,DATA206
robin.thompson@myscu.edu,Robin,Thompson,DATA209
nicole.thompson@myscu.edu,Nicole,Thompson,DATA203
samantha.osborn@myscu.edu,Samantha,Osborn,"DATA207,DATA206"
randy.simpson@myscu.edu,Randy,Simpson,"DATA212,DATA214"
sharon.hayden@myscu.edu,Sharon,Hayden,DATA215
sara.mcdowell@myscu.edu,Sara,Mcdowell,"DATA202,DATA214,DATA218,DATA212"
albert.bradley@myscu.edu,Albert,Bradley,"DATA205,DATA207"
daniel.bird@myscu.edu,Daniel,Bird,"DATA205,DATA215"
justin.hays@myscu.edu,Justin,Hays,DATA206
amy.snyder@myscu.edu,Amy,Snyder,
sheena.rosales@myscu.edu,Sheena,Rosales,"DATA213,DATA212,DATA205,DATA202,DATA215"
taylor.lee@myscu.edu,Taylor,Lee,DATA202
daniel.martin@myscu.edu,Daniel,Martin,
stephen.scott@myscu.edu,Stephen,Scott,DATA207
jacob.doyle@myscu.edu,Jacob,Doyle,"DATA215,DATA212,DATA207,DATA208"
krystal.bradley@myscu.edu,Krystal,Bradley,DATA206
katherine.thompson@myscu.edu,Katherine,Thompson,"DATA203,DATA219,DATA207"
melissa.prince@myscu.edu,Melissa,Prince,"DATA204,DATA216,DATA208,DATA207"
margaret.robertson@myscu.edu,Margaret,Robertson,"DATA208,DATA207,DATA209"
christopher.caldwell@myscu.edu,Christopher,Caldwell,DATA205
jack.taylor@myscu.edu,Jack,Taylor,DATA209
jose.young@myscu.edu,Jose,Young,"DATA213,DATA202,DATA212,DATA214,DATA215"
karen.finley@myscu.edu,Karen,Finley,"DATA205,DATA209,DATA216,DATA202,DATA213"
kevin.sharp@myscu.edu,Kevin,Sharp,"DATA213,DATA205,DATA208"
alexander.valdez@myscu.edu,Alexander,Valdez,"DATA206,DATA208,DATA211"
heather.brown@myscu.edu,Heather,Brown,"DATA205,DATA208,DATA213"
david.parker@myscu.edu,David,Parker,DATA211
richard.shaw@myscu.edu,Richard,Shaw,"DATA203,DATA206,DATA211,DATA202"
paula.padilla@myscu.edu,Paula,Padilla,"DATA209,DATA219,DATA206,DATA214"
larry.wilson@myscu.edu,Larry,Wilson,"DATA209,DATA203,DATA207"
sabrina.phillips@myscu.edu,Sabrina,Phillips,"DATA203,DATA204,DATA214"
christina.robinson@myscu.edu,Christina,Robinson,"DATA216,DATA208,DATA212"
dennis.hernandez@myscu.edu,Dennis,Hernandez,"DATA202,DATA218,DATA219,DATA213,DATA216"
julie.obrien@myscu.edu,Julie,Obrien,"DATA202,DATA204,DATA209"
robert.dunn@myscu.edu,Robert,Dunn,"DATA204,DATA218,DATA215"
thomas.medina@myscu.edu,Thomas,Medina,DATA203
elizabeth.robinson@myscu.edu,Elizabeth,Robinson,"DATA214,DATA204"
john.fischer@myscu.edu,John,Fischer,"DATA207,DATA212"
morgan.miller@myscu.edu,Morgan,Miller,DATA202
sean.padilla@myscu.edu,Sean,Padilla,DATA208
christian.elliott@myscu.edu,Christian,Elliott,"DATA205,DATA212,DATA208"
bryan.kelley@myscu.edu,Bryan,Kelley,"DATA203,DATA204,DATA206"
william.armstrong@myscu.edu,William,Armstrong,"DATA214,DATA207,DATA218,DATA205"
edward.murphy@myscu.edu,Edward,Murphy,"DATA207,DATA219,DATA203,DATA204"
abigail.wilson@myscu.edu,Abigail,Wilson,DATA203
jamie.aguilar@myscu.edu,Jamie,Aguilar,"DATA216,DATA215,DATA212,DATA205"
christopher.dixon@myscu.edu,Christopher,Dixon,"DATA206,DATA205,DATA216"
lindsey.chavez@myscu.edu,Lindsey,Chavez,DATA214
william.bryant@myscu.edu,William,Bryant,"DATA216,DATA206,DATA205,DATA204"
brian.ford@myscu.edu,Brian,Ford,DATA203
lindsay.cummings@myscu.edu,Lindsay,Cummings,DATA215
randy.velasquez@myscu.edu,Randy,Velasquez,DATA219
julie.lane@myscu.edu,Julie,Lane,DATA208
brandon.cooper@myscu.edu,Brandon,Cooper,"DATA202,DATA207"
bryce.mcknight@myscu.edu,Bryce,Mcknight,DATA211
sarah.jones@myscu.edu,Sarah,Jones,DATA202
sarah.johnson@myscu.edu,Sarah,Johnson,DATA211
robert.mack@myscu.edu,Robert,Mack,"DATA205,DATA212,DATA214,DATA213,DATA219"
katie.good@myscu.edu,Katie,Good,DATA212
debbie.fisher@myscu.edu,Debbie,Fisher,DATA206
victoria.reyes@myscu.edu,Victoria,Reyes,
molly.knox@myscu.edu,Molly,Knox,"DATA208,DATA219,DATA215,DATA212"
nicholas.vega@myscu.edu,Nicholas,Vega,
dorothy.ryan@myscu.edu,Dorothy,Ryan,DATA219
desiree.bailey@myscu.edu,Desiree,Bailey,"DATA202,DATA209,DATA206,DATA211"
gregory.medina@myscu.edu,Gregory,Medina,"DATA202,DATA209"
allison.luna@myscu.edu,Allison,Luna,DATA205
jeffrey.smith@myscu.edu,Jeffrey,Smith,"DATA204,DATA207"
andrew.evans@myscu.edu,Andrew,Evans,
emily.stephens@myscu.edu,Emily,Stephens,"DATA205,DATA216,DATA215,DATA208"
amanda.morrow@myscu.edu,Amanda,Morrow,"DATA216,DATA204,DATA206"
john.reed@myscu.edu,John,Reed,"DATA209,DATA213"
joshua.pineda@myscu.edu,Joshua,Pineda,"DATA206,DATA203"
jessica.rodriguez@myscu.edu,Jessica,Rodriguez,DATA215
lisa.barnes@myscu.edu,Lisa,Barnes,"DATA211,DATA212,DATA205"
katie.stephenson@myscu.edu,Katie,Stephenson,DATA208
alexis.harris@myscu.edu,Alexis,Harris,"DATA212,DATA214,DATA202"
craig.johnson@myscu.edu,Craig,Johnson,DATA212
carla.warner@myscu.edu,Carla,Warner,DATA213
brandon.yang@myscu.edu,Brandon,Yang,"DATA203,DATA213,DATA212,DATA219"
richard.young@myscu.edu,Richard,Young,"DATA216,DATA202,DATA219"
jeff.shields@myscu.edu,Jeff,Shields,DATA212
brian.gordon@myscu.edu,Brian,Gordon,"DATA206,DATA211,DATA209,DATA202"
keith.cabrera@myscu.edu,Keith,Cabrera,DATA205
jessica.flores@myscu.edu,Jessica,Flores,"DATA206,DATA209"
carla.chambers@myscu.edu,Carla,Chambers,DATA219
malik.turner@myscu.edu,Malik,Turner,"DATA215,DATA203"
douglas.keller@myscu.edu,Douglas,Keller,"DATA218,DATA219,DATA208"
jeffrey.turner@myscu.edu,Jeffrey,Turner,"DATA202,DATA215,DATA216"
bruce.fry@myscu.edu,Bruce,Fry,"DATA207,DATA206"
nichole.buck@myscu.edu,Nichole,Buck,"DATA215,DATA213,DATA206"
connie.simmons@myscu.edu,Connie,Simmons,DATA204
tyler.compton@myscu.edu,Tyler,Compton,"DATA214,DATA218,DATA212"
shelly.powers@myscu.edu,Shelly,Powers,DATA212
kristi.flores@myscu.edu,Kristi,Flores,"DATA214,DATA216,DATA207"
robert.hernandez@myscu.edu,Robert,Hernandez,"DATA211,DATA213,DATA218,DATA216"
nicholas.webster@myscu.edu,Nicholas,Webster,"DATA206,DATA203,DATA215,DATA216,DATA218"
thomas.atkinson@myscu.edu,Thomas,Atkinson,"DATA202,DATA211,DATA218"
kevin.zimmerman@myscu.edu,Kevin,Zimmerman,"DATA213,DATA205,DATA211,DATA214"
linda.melendez@myscu.edu,Linda,Melendez,DATA214
anna.faulkner@myscu.edu,Anna,Faulkner,"DATA206,DATA214,DATA212,DATA207"
angela.anderson@myscu.edu,Angela,Anderson,
john.harris@myscu.edu,John,Harris,DATA218
deborah.nielsen@myscu.edu,Deborah,Nielsen,"DATA211,DATA213"
melanie.davis@myscu.edu,Melanie,Davis,"DATA214,DATA216"
jenny.lee@myscu.edu,Jenny,Lee,"DATA211,DATA205,DATA212"
joseph.nunez@myscu.edu,Joseph,Nunez,DATA202
carrie.russo@myscu.edu,Carrie,Russo,DATA213
jacob.gill@myscu.edu,Jacob,Gill,"DATA211,DATA204,DATA202,DATA214"
jennifer.hansen@myscu.edu,Jennifer,Hansen,DATA216
timothy.booth@myscu.edu,Timothy,Booth,"DATA214,DATA203"
mason.krueger@myscu.edu,Mason,Krueger,"DATA202,DATA214,DATA209"
alexis.giles@myscu.edu,Alexis,Giles,"DATA204,DATA215"
suzanne.wilson@myscu.edu,Suzanne,Wilson,"DATA203,DATA212,DATA205"
yvonne.mendoza@myscu.edu,Yvonne,Mendoza,DATA219
john.munoz@myscu.edu,John,Munoz,DATA216
james.herman@myscu.edu,James,Herman,"DATA204,DATA208,DATA202"
andrea.rowe@myscu.edu,Andrea,Rowe,"DATA203,DATA218,DATA212,DATA204,DATA213"
oscar.ferguson@myscu.edu,Oscar,Ferguson,"DATA218,DATA205,DATA219"
michael.green@myscu.edu,Michael,Green,"DATA204,DATA219"
william.crawford@myscu.edu,William,Crawford,"DATA215,DATA216,DATA202"
corey.zavala@myscu.edu,Corey,Zavala,"DATA215,DATA208,DATA211"
terrance.franco@myscu.edu,Terrance,Franco,"DATA204,DATA203"
robin.wood@myscu.edu,Robin,Wood,"DATA211,DATA209,DATA219,DATA215"
robert.hart@myscu.edu,Robert,Hart,
jeffrey.thomas@myscu.edu,Jeffrey,Thomas,"DATA203,DATA213,DATA216"
jose.donovan@myscu.edu,Jose,Donovan,DATA219
beth.butler@myscu.edu,Beth,Butler,"DATA204,DATA219,DATA211,DATA215"
elijah.rivera@myscu.edu,Elijah,Rivera,
noah.whitaker@myscu.edu,Noah,Whitaker,"DATA207,DATA202,DATA212"
victor.pena@myscu.edu,Victor,Pena,DATA209
gail.scott@myscu.edu,Gail,Scott,"DATA208,DATA214"
lorraine.levy@myscu.edu,Lorraine,Levy,"DATA213,DATA206"
darlene.henry@myscu.edu,Darlene,Henry,"DATA209,DATA208"
gary.norton@myscu.edu,Gary,Norton,"DATA205,DATA216,DATA219"
gary.cortez@myscu.edu,Gary,Cortez,"DATA203,DATA219,DATA208"
tracy.stark@myscu.edu,Tracy,Stark,
amber.may@myscu.edu,Amber,May,DATA209
brian.johnson@myscu.edu,Brian,Johnson,"DATA204,DATA216,DATA219,DATA205"
melanie.landry@myscu.edu,Melanie,Landry,DATA208
elizabeth.duran@myscu.edu,Elizabeth,Duran,"DATA212,DATA207,DATA202,DATA204"
robert.kirby@myscu.edu,Robert,Kirby,"DATA204,DATA202,DATA212"
albert.wagner@myscu.edu,Albert,Wagner,
nathaniel.williamson@myscu.edu,Nathaniel,Williamson,DATA213
elizabeth.jensen@myscu.edu,Elizabeth,Jensen,DATA202
timothy.freeman@myscu.edu,Timothy,Freeman,DATA216
adam.arnold@myscu.edu,Adam,Arnold,DATA211
alexander.moreno@myscu.edu,Alexander,Moreno,"DATA202,DATA211,DATA205,DATA214"
joshua.madden@myscu.edu,Joshua,Madden,DATA215
andre.li@myscu.edu,Andre,Li,DATA209
emily.drake@myscu.edu,Emily,Drake,"DATA209,DATA205,DATA213"
renee.rodriguez@myscu.edu,Renee,Rodriguez,DATA213
cole.hernandez@myscu.edu,Cole,Hernandez,
james.fox@myscu.edu,James,Fox,"DATA207,DATA214"
randy.watson@myscu.edu,Randy,Watson,"DATA204,DATA206"
richard.cunningham@myscu.edu,Richard,Cunningham,"DATA205,DATA202,DATA213"
veronica.perez@myscu.edu,Veronica,Perez,DATA202
gabriella.abbott@myscu.edu,Gabriella,Abbott,DATA204
desiree.garrison@myscu.edu,Desiree,Garrison,"DATA216,DATA208,DATA202"
katherine.davis@myscu.edu,Katherine,Davis,"DATA219,DATA209"
nicholas.tran@myscu.edu,Nicholas,Tran,"DATA219,DATA204"
brian.smith@myscu.edu,Brian,Smith,"DATA203,DATA216,DATA214,DATA213,DATA206"
george.porter@myscu.edu,George,Porter,"DATA211,DATA204,DATA208"
ryan.mueller@myscu.edu,Ryan,Mueller,"DATA203,DATA215"
ariel.hodge@myscu.edu,Ariel,Hodge,"DATA203,DATA202,DATA216,DATA204"
cody.rice@myscu.edu,Cody,Rice,"DATA208,DATA206,DATA209"
brad.lewis@myscu.edu,Brad,Lewis,
miranda.clay@myscu.edu,Miranda,Clay,DATA202
thomas.williams@myscu.edu,Thomas,Williams,DATA203
charles.frost@myscu.edu,Charles,Frost,DATA205
rachel.elliott@myscu.edu,Rachel,Elliott,"DATA218,DATA211"
antonio.mcfarland@myscu.edu,Antonio,Mcfarland,"DATA206,DATA219,DATA212,DATA207,DATA205"
leonard.ali@myscu.edu,Leonard,Ali,DATA218
brenda.goodwin@myscu.edu,Brenda,Goodwin,"DATA202,DATA209,DATA206,DATA211"
jennifer.sanders@myscu.edu,Jennifer,Sanders,"DATA207,DATA208,DATA216"
chase.martin@myscu.edu,Chase,Martin,"DATA204,DATA213"
john.davenport@myscu.edu,John,Davenport,"DATA208,DATA212,DATA213"
paul.mosley@myscu.edu,Paul,Mosley,DATA209
martin.campos@myscu.edu,Martin,Campos,"DATA214,DATA206"
donald.hinton@myscu.edu,Donald,Hinton,DATA208
jennifer.mason@myscu.edu,Jennifer,Mason,"DATA202,DATA216"
terri.brown@myscu.edu,Terri,Brown,
samuel.roberson@myscu.edu,Samuel,Roberson,"DATA218,DATA205"
matthew.mack@myscu.edu,Matthew,Mack,DATA212
stephanie.sanders@myscu.edu,Stephanie,Sanders,"DATA209,DATA212,DATA204"
kim.johnson@myscu.edu,Kim,Johnson,"DATA218,DATA219"
joshua.riddle@myscu.edu,Joshua,Riddle,"DATA209,DATA214,DATA208"
tracy.kelly@myscu.edu,Tracy,Kelly,"DATA203,DATA211,DATA214"
shelley.reynolds@myscu.edu,Shelley,Reynolds,"DATA212,DATA202,DATA211"
erin.guerrero@myscu.edu,Erin,Guerrero,"DATA205,DATA206,DATA219"
christopher.montgomery@myscu.edu,Christopher,Montgomery,DATA209
lauren.marquez@myscu.edu,Lauren,Marquez,"DATA213,DATA218"
christopher.moore@myscu.edu,Christopher,Moore,DATA202
jennifer.walters@myscu.edu,Jennifer,Walters,
jodi.stewart@myscu.edu,Jodi,Stewart,"DATA208,DATA209,DATA203"
daniel.smith@myscu.edu,Daniel,Smith,DATA203
kyle.ward@myscu.edu,Kyle,Ward,DATA204
joseph.anderson@myscu.edu,Joseph,Anderson,DATA202
jacob.cole@myscu.edu,Jacob,Cole,"DATA203,DATA216,DATA212"
angela.russell@myscu.edu,Angela,Russell,"DATA218,DATA204,DATA209"
liming@edu.cn,liming,jiang,DATA209
daf@edu.cn,dad,dw,DATA204
